historical_claim_id,member_id,policy_id,provider_id,service_date,procedure_code,diagnosis_code,claim_amount,approved_amount,claim_status
H-00001,M-1012,P-1008,PR-1014,2025-12-30,70001,E11.9,137.00,82.00,DENIED
H-00002,M-1023,P-1015,PR-1027,2025-12-29,70002,K21.9,174.00,107.09,DENIED
H-00003,M-1034,P-1022,PR-1040,2025-12-28,70003,I10,211.00,188.46,DENIED
H-00004,M-1045,P-1029,PR-1053,2025-12-27,70004,F41.9,248.00,213.45,PAID
H-00005,M-1056,P-1036,PR-1066,2025-12-26,70005,R51.9,285.00,230.61,PAID
H-00006,M-1067,P-1043,PR-1079,2025-12-25,70006,K52.9,322.00,192.09,DENIED
H-00007,M-1078,P-1050,PR-1092,2025-12-24,70007,R05.9,359.00,257.36,PAID
H-00008,M-1089,P-1057,PR-1005,2025-12-23,70008,I25.10,396.00,357.03,PAID
H-00009,M-1100,P-1064,PR-1018,2025-12-22,70009,S93.401A,433.00,308.14,PENDING
H-00010,M-1111,P-1071,PR-1031,2025-12-21,70010,N39.0,470.00,287.19,DENIED
H-00011,M-1122,P-1078,PR-1044,2025-12-20,70011,L30.9,507.00,356.22,PAID
H-00012,M-1133,P-1085,PR-1057,2025-12-19,70012,M79.1,544.00,492.68,PAID
H-00013,M-1144,P-1092,PR-1070,2025-12-18,70013,R07.9,581.00,386.53,PAID
H-00014,M-1155,P-1099,PR-1083,2025-12-17,70014,M54.5,618.00,451.58,PENDING
H-00015,M-1166,P-1106,PR-1096,2025-12-16,70015,M25.561,655.00,506.92,PAID
H-00016,M-1177,P-1113,PR-1009,2025-12-15,70016,R10.9,692.00,607.15,PAID
H-00017,M-1188,P-1120,PR-1022,2025-12-14,70017,G43.909,729.00,428.25,PAID
H-00018,M-1199,P-1127,PR-1035,2025-12-13,70018,H10.9,766.00,669.43,PENDING
H-00019,M-1210,P-1134,PR-1048,2025-12-12,70019,J45.909,803.00,641.03,PAID
H-00020,M-1221,P-1141,PR-1061,2025-12-11,70020,J18.9,840.00,615.52,DENIED
H-00021,M-1232,P-1148,PR-1074,2025-12-10,70021,E11.9,877.00,629.35,PAID
H-00022,M-1003,P-1155,PR-1087,2025-12-09,70022,K21.9,914.00,503.04,PAID
H-00023,M-1014,P-1162,PR-1100,2025-12-08,70023,I10,951.00,806.94,PENDING
H-00024,M-1025,P-1169,PR-1013,2025-12-07,70024,F41.9,988.00,621.19,PAID
H-00025,M-1036,P-1176,PR-1026,2025-12-06,70025,R51.9,1025.00,737.81,PENDING
H-00026,M-1047,P-1003,PR-1039,2025-12-05,70026,K52.9,1062.00,945.71,PENDING
H-00027,M-1058,P-1010,PR-1052,2025-12-04,70027,R05.9,1099.00,903.25,PAID
H-00028,M-1069,P-1017,PR-1065,2025-12-03,70028,I25.10,1136.00,860.93,DENIED
H-00029,M-1080,P-1024,PR-1078,2025-12-02,70029,S93.401A,1173.00,742.71,PENDING
H-00030,M-1091,P-1031,PR-1091,2025-12-01,70030,N39.0,1210.00,902.68,PENDING
H-00031,M-1102,P-1038,PR-1004,2025-11-30,70031,L30.9,1247.00,690.77,DENIED
H-00032,M-1113,P-1045,PR-1017,2025-11-29,70032,M79.1,1284.00,1140.54,PAID
H-00033,M-1124,P-1052,PR-1030,2025-11-28,70033,R07.9,1321.00,1096.64,DENIED
H-00034,M-1135,P-1059,PR-1043,2025-11-27,70034,M54.5,1358.00,1159.03,DENIED
H-00035,M-1146,P-1066,PR-1056,2025-11-26,70035,M25.561,1395.00,1266.05,PAID
H-00036,M-1157,P-1073,PR-1069,2025-11-25,70036,R10.9,1432.00,1024.75,PAID
H-00037,M-1168,P-1080,PR-1082,2025-11-24,70037,G43.909,1469.00,929.90,PAID
H-00038,M-1179,P-1087,PR-1095,2025-11-23,70038,H10.9,1506.00,1380.14,PAID
H-00039,M-1190,P-1094,PR-1008,2025-11-22,70039,J45.909,1543.00,911.21,PAID
H-00040,M-1201,P-1101,PR-1021,2025-11-21,70040,J18.9,1580.00,921.69,PAID
H-00041,M-1212,P-1108,PR-1034,2025-11-20,70041,E11.9,1617.00,992.30,DENIED
H-00042,M-1223,P-1115,PR-1047,2025-11-19,70042,K21.9,1654.00,1050.36,DENIED
H-00043,M-1234,P-1122,PR-1060,2025-11-18,70043,I10,1691.00,1410.87,PAID
H-00044,M-1005,P-1129,PR-1073,2025-11-17,70044,F41.9,1728.00,1387.74,PAID
H-00045,M-1016,P-1136,PR-1086,2025-11-16,70045,R51.9,1765.00,1235.93,PENDING
H-00046,M-1027,P-1143,PR-1099,2025-11-15,70046,K52.9,1802.00,1437.50,PENDING
H-00047,M-1038,P-1150,PR-1012,2025-11-14,70047,R05.9,1839.00,1128.50,PENDING
H-00048,M-1049,P-1157,PR-1025,2025-11-13,70048,I25.10,1876.00,1563.95,PENDING
H-00049,M-1060,P-1164,PR-1038,2025-11-12,70049,S93.401A,1913.00,1104.05,PENDING
H-00050,M-1071,P-1171,PR-1051,2025-11-11,70000,N39.0,1950.00,1225.80,PAID
H-00051,M-1082,P-1178,PR-1064,2025-11-10,70001,L30.9,1987.00,1387.37,PAID
H-00052,M-1093,P-1005,PR-1077,2025-11-09,70002,M79.1,2024.00,1670.97,PAID
H-00053,M-1104,P-1012,PR-1090,2025-11-08,70003,R07.9,2061.00,1359.94,PAID
H-00054,M-1115,P-1019,PR-1003,2025-11-07,70004,M54.5,2098.00,1775.35,PAID
H-00055,M-1126,P-1026,PR-1016,2025-11-06,70005,M25.561,2135.00,1648.47,PENDING
H-00056,M-1137,P-1033,PR-1029,2025-11-05,70006,R10.9,2172.00,1785.58,PAID
H-00057,M-1148,P-1040,PR-1042,2025-11-04,70007,G43.909,2209.00,1501.49,PAID
H-00058,M-1159,P-1047,PR-1055,2025-11-03,70008,H10.9,2246.00,1614.95,PENDING
H-00059,M-1170,P-1054,PR-1068,2025-11-02,70009,J45.909,2283.00,2087.01,DENIED
H-00060,M-1181,P-1061,PR-1081,2025-11-01,70010,J18.9,2320.00,1917.05,DENIED
H-00061,M-1192,P-1068,PR-1094,2025-10-31,70011,E11.9,2357.00,1437.47,PAID
H-00062,M-1203,P-1075,PR-1007,2025-10-30,70012,K21.9,2394.00,1885.83,PAID
H-00063,M-1214,P-1082,PR-1020,2025-10-29,70013,I10,2431.00,1876.45,PAID
H-00064,M-1225,P-1089,PR-1033,2025-10-28,70014,F41.9,2468.00,1415.71,PENDING
H-00065,M-1236,P-1096,PR-1046,2025-10-27,70015,R51.9,2505.00,1789.08,PAID
H-00066,M-1007,P-1103,PR-1059,2025-10-26,70016,K52.9,2542.00,1597.34,PAID
H-00067,M-1018,P-1110,PR-1072,2025-10-25,70017,R05.9,2579.00,1514.30,PAID
H-00068,M-1029,P-1117,PR-1085,2025-10-24,70018,I25.10,2616.00,1457.48,PAID
H-00069,M-1040,P-1124,PR-1098,2025-10-23,70019,S93.401A,2653.00,1839.84,PAID
H-00070,M-1051,P-1131,PR-1011,2025-10-22,70020,N39.0,2690.00,2126.40,PAID
H-00071,M-1062,P-1138,PR-1024,2025-10-21,70021,L30.9,2727.00,2059.94,PAID
H-00072,M-1073,P-1145,PR-1037,2025-10-20,70022,M79.1,2764.00,1625.84,PAID
H-00073,M-1084,P-1152,PR-1050,2025-10-19,70023,R07.9,2801.00,2244.14,PENDING
H-00074,M-1095,P-1159,PR-1063,2025-10-18,70024,M54.5,2838.00,2239.17,PAID
H-00075,M-1106,P-1166,PR-1076,2025-10-17,70025,M25.561,2875.00,2265.53,PAID
H-00076,M-1117,P-1173,PR-1089,2025-10-16,70026,R10.9,2912.00,2039.67,PENDING
H-00077,M-1128,P-1180,PR-1002,2025-10-15,70027,G43.909,2949.00,2388.63,PAID
H-00078,M-1139,P-1007,PR-1015,2025-10-14,70028,H10.9,2986.00,2278.74,DENIED
H-00079,M-1150,P-1014,PR-1028,2025-10-13,70029,J45.909,3023.00,2168.47,PAID
H-00080,M-1161,P-1021,PR-1041,2025-10-12,70030,J18.9,3060.00,1867.73,PAID
H-00081,M-1172,P-1028,PR-1054,2025-10-11,70031,E11.9,3097.00,2713.24,PAID
H-00082,M-1183,P-1035,PR-1067,2025-10-10,70032,K21.9,3134.00,1990.18,PAID
H-00083,M-1194,P-1042,PR-1080,2025-10-09,70033,I10,3171.00,2273.92,DENIED
H-00084,M-1205,P-1049,PR-1093,2025-10-08,70034,F41.9,3208.00,2843.25,PAID
H-00085,M-1216,P-1056,PR-1006,2025-10-07,70035,R51.9,3245.00,2044.09,PENDING
H-00086,M-1227,P-1063,PR-1019,2025-10-06,70036,K52.9,3282.00,1816.40,PAID
H-00087,M-1238,P-1070,PR-1032,2025-10-05,70037,R05.9,3319.00,2421.09,DENIED
H-00088,M-1009,P-1077,PR-1045,2025-10-04,70038,I25.10,3356.00,2798.93,DENIED
H-00089,M-1020,P-1084,PR-1058,2025-10-03,70039,S93.401A,3393.00,2779.78,PENDING
H-00090,M-1031,P-1091,PR-1071,2025-10-02,70040,N39.0,3430.00,2768.85,DENIED
H-00091,M-1042,P-1098,PR-1084,2025-10-01,70041,L30.9,3467.00,2698.37,PAID
H-00092,M-1053,P-1105,PR-1097,2025-09-30,70042,M79.1,3504.00,2470.23,DENIED
H-00093,M-1064,P-1112,PR-1010,2025-09-29,70043,R07.9,3541.00,2582.51,PENDING
H-00094,M-1075,P-1119,PR-1023,2025-09-28,70044,M54.5,3578.00,2760.05,PENDING
H-00095,M-1086,P-1126,PR-1036,2025-09-27,70045,M25.561,3615.00,2775.16,PENDING
H-00096,M-1097,P-1133,PR-1049,2025-09-26,70046,R10.9,3652.00,2179.25,PAID
H-00097,M-1108,P-1140,PR-1062,2025-09-25,70047,G43.909,3689.00,2730.32,PENDING
H-00098,M-1119,P-1147,PR-1075,2025-09-24,70048,H10.9,3726.00,2897.99,DENIED
H-00099,M-1130,P-1154,PR-1088,2025-09-23,70049,J45.909,3763.00,2249.53,PAID
H-00100,M-1141,P-1161,PR-1001,2025-09-22,70000,J18.9,3800.00,3001.46,PAID
H-00101,M-1152,P-1168,PR-1014,2025-09-21,70001,E11.9,3837.00,3159.23,PENDING
H-00102,M-1163,P-1175,PR-1027,2025-09-20,70002,K21.9,3874.00,3121.91,DENIED
H-00103,M-1174,P-1002,PR-1040,2025-09-19,70003,I10,3911.00,2629.63,DENIED
H-00104,M-1185,P-1009,PR-1053,2025-09-18,70004,F41.9,3948.00,2355.40,PENDING
H-00105,M-1196,P-1016,PR-1066,2025-09-17,70005,R51.9,3985.00,2928.44,DENIED
H-00106,M-1207,P-1023,PR-1079,2025-09-16,70006,K52.9,4022.00,2486.22,DENIED
H-00107,M-1218,P-1030,PR-1092,2025-09-15,70007,R05.9,4059.00,2400.91,PAID
H-00108,M-1229,P-1037,PR-1005,2025-09-14,70008,I25.10,4096.00,3638.68,DENIED
H-00109,M-1240,P-1044,PR-1018,2025-09-13,70009,S93.401A,4133.00,2331.42,PENDING
H-00110,M-1011,P-1051,PR-1031,2025-09-12,70010,N39.0,4170.00,3484.61,PAID
H-00111,M-1022,P-1058,PR-1044,2025-09-11,70011,L30.9,4207.00,2339.73,PAID
H-00112,M-1033,P-1065,PR-1057,2025-09-10,70012,M79.1,4244.00,3618.09,PENDING
H-00113,M-1044,P-1072,PR-1070,2025-09-09,70013,R07.9,4281.00,2560.19,DENIED
H-00114,M-1055,P-1079,PR-1083,2025-09-08,70014,M54.5,4318.00,3117.80,PAID
H-00115,M-1066,P-1086,PR-1096,2025-09-07,70015,M25.561,4355.00,2762.33,PAID
H-00116,M-1077,P-1093,PR-1009,2025-09-06,70016,R10.9,4392.00,3207.23,DENIED
H-00117,M-1088,P-1100,PR-1022,2025-09-05,70017,G43.909,4429.00,3167.07,PAID
H-00118,M-1099,P-1107,PR-1035,2025-09-04,70018,H10.9,4466.00,2854.01,PAID
H-00119,M-1110,P-1114,PR-1048,2025-09-03,70019,J45.909,4503.00,3520.52,PAID
H-00120,M-1121,P-1121,PR-1061,2025-09-02,70020,J18.9,4540.00,3326.89,DENIED
H-00121,M-1132,P-1128,PR-1074,2025-09-01,70021,E11.9,4577.00,2798.87,PAID
H-00122,M-1143,P-1135,PR-1087,2025-08-31,70022,K21.9,4614.00,2817.65,PAID
H-00123,M-1154,P-1142,PR-1100,2025-08-30,70023,I10,4651.00,2793.45,DENIED
H-00124,M-1165,P-1149,PR-1013,2025-08-29,70024,F41.9,4688.00,2847.93,PAID
H-00125,M-1176,P-1156,PR-1026,2025-08-28,70025,R51.9,4725.00,4027.29,PENDING
H-00126,M-1187,P-1163,PR-1039,2025-08-27,70026,K52.9,4762.00,3164.11,DENIED
H-00127,M-1198,P-1170,PR-1052,2025-08-26,70027,R05.9,4799.00,2860.47,PAID
H-00128,M-1209,P-1177,PR-1065,2025-08-25,70028,I25.10,4836.00,2825.04,PAID
H-00129,M-1220,P-1004,PR-1078,2025-08-24,70029,S93.401A,4873.00,2945.33,PAID
H-00130,M-1231,P-1011,PR-1091,2025-08-23,70030,N39.0,4910.00,2898.99,PAID
H-00131,M-1002,P-1018,PR-1004,2025-08-22,70031,L30.9,4947.00,3418.38,PAID
H-00132,M-1013,P-1025,PR-1017,2025-08-21,70032,M79.1,4984.00,4003.96,DENIED
H-00133,M-1024,P-1032,PR-1030,2025-08-20,70033,R07.9,121.00,84.51,PAID
H-00134,M-1035,P-1039,PR-1043,2025-08-19,70034,M54.5,158.00,94.80,PAID
H-00135,M-1046,P-1046,PR-1056,2025-08-18,70035,M25.561,195.00,135.74,PAID
H-00136,M-1057,P-1053,PR-1069,2025-08-17,70036,R10.9,232.00,156.32,PAID
H-00137,M-1068,P-1060,PR-1082,2025-08-16,70037,G43.909,269.00,244.97,PENDING
H-00138,M-1079,P-1067,PR-1095,2025-08-15,70038,H10.9,306.00,186.77,PAID
H-00139,M-1090,P-1074,PR-1008,2025-08-14,70039,J45.909,343.00,309.09,PAID
H-00140,M-1101,P-1081,PR-1021,2025-08-13,70040,J18.9,380.00,313.00,DENIED
H-00141,M-1112,P-1088,PR-1034,2025-08-12,70041,E11.9,417.00,364.58,PENDING
H-00142,M-1123,P-1095,PR-1047,2025-08-11,70042,K21.9,454.00,282.73,PAID
H-00143,M-1134,P-1102,PR-1060,2025-08-10,70043,I10,491.00,349.29,PAID
H-00144,M-1145,P-1109,PR-1073,2025-08-09,70044,F41.9,528.00,350.48,DENIED
H-00145,M-1156,P-1116,PR-1086,2025-08-08,70045,R51.9,565.00,383.01,PAID
H-00146,M-1167,P-1123,PR-1099,2025-08-07,70046,K52.9,602.00,469.41,PAID
H-00147,M-1178,P-1130,PR-1012,2025-08-06,70047,R05.9,639.00,361.45,PAID
H-00148,M-1189,P-1137,PR-1025,2025-08-05,70048,I25.10,676.00,418.72,PAID
H-00149,M-1200,P-1144,PR-1038,2025-08-04,70049,S93.401A,713.00,497.53,DENIED
H-00150,M-1211,P-1151,PR-1051,2025-08-03,70000,N39.0,750.00,539.33,PAID
H-00151,M-1222,P-1158,PR-1064,2025-08-02,70001,L30.9,787.00,434.61,PAID
H-00152,M-1233,P-1165,PR-1077,2025-08-01,70002,M79.1,824.00,633.75,PAID
H-00153,M-1004,P-1172,PR-1090,2025-07-31,70003,R07.9,861.00,767.44,PAID
H-00154,M-1015,P-1179,PR-1003,2025-07-30,70004,M54.5,898.00,780.24,PAID
H-00155,M-1026,P-1006,PR-1016,2025-07-29,70005,M25.561,935.00,549.42,PAID
H-00156,M-1037,P-1013,PR-1029,2025-07-28,70006,R10.9,972.00,776.55,PAID
H-00157,M-1048,P-1020,PR-1042,2025-07-27,70007,G43.909,1009.00,619.46,DENIED
H-00158,M-1059,P-1027,PR-1055,2025-07-26,70008,H10.9,1046.00,937.86,PAID
H-00159,M-1070,P-1034,PR-1068,2025-07-25,70009,J45.909,1083.00,777.36,PAID
H-00160,M-1081,P-1041,PR-1081,2025-07-24,70010,J18.9,1120.00,859.78,DENIED
H-00161,M-1092,P-1048,PR-1094,2025-07-23,70011,E11.9,1157.00,852.51,PAID
H-00162,M-1103,P-1055,PR-1007,2025-07-22,70012,K21.9,1194.00,877.22,PAID
H-00163,M-1114,P-1062,PR-1020,2025-07-21,70013,I10,1231.00,993.64,PAID
H-00164,M-1125,P-1069,PR-1033,2025-07-20,70014,F41.9,1268.00,1089.41,PAID
H-00165,M-1136,P-1076,PR-1046,2025-07-19,70015,R51.9,1305.00,1019.36,PAID
H-00166,M-1147,P-1083,PR-1059,2025-07-18,70016,K52.9,1342.00,1148.00,PENDING
H-00167,M-1158,P-1090,PR-1072,2025-07-17,70017,R05.9,1379.00,1188.54,PAID
H-00168,M-1169,P-1097,PR-1085,2025-07-16,70018,I25.10,1416.00,1231.85,DENIED
H-00169,M-1180,P-1104,PR-1098,2025-07-15,70019,S93.401A,1453.00,983.33,PAID
H-00170,M-1191,P-1111,PR-1011,2025-07-14,70020,N39.0,1490.00,1370.28,PENDING
H-00171,M-1202,P-1118,PR-1024,2025-07-13,70021,L30.9,1527.00,1099.24,PAID
H-00172,M-1213,P-1125,PR-1037,2025-07-12,70022,M79.1,1564.00,965.00,DENIED
H-00173,M-1224,P-1132,PR-1050,2025-07-11,70023,R07.9,1601.00,1039.45,PENDING
H-00174,M-1235,P-1139,PR-1063,2025-07-10,70024,M54.5,1638.00,1367.73,PAID
H-00175,M-1006,P-1146,PR-1076,2025-07-09,70025,M25.561,1675.00,1210.66,PAID
H-00176,M-1017,P-1153,PR-1089,2025-07-08,70026,R10.9,1712.00,948.34,PAID
H-00177,M-1028,P-1160,PR-1002,2025-07-07,70027,G43.909,1749.00,1317.72,PAID
H-00178,M-1039,P-1167,PR-1015,2025-07-06,70028,H10.9,1786.00,1465.07,DENIED
H-00179,M-1050,P-1174,PR-1028,2025-07-05,70029,J45.909,1823.00,1142.43,DENIED
H-00180,M-1061,P-1001,PR-1041,2025-07-04,70030,J18.9,1860.00,1093.28,DENIED
H-00181,M-1072,P-1008,PR-1054,2025-07-03,70031,E11.9,1897.00,1522.78,PENDING
H-00182,M-1083,P-1015,PR-1067,2025-07-02,70032,K21.9,1934.00,1748.62,DENIED
H-00183,M-1094,P-1022,PR-1080,2025-07-01,70033,I10,1971.00,1349.82,PAID
H-00184,M-1105,P-1029,PR-1093,2025-06-30,70034,F41.9,2008.00,1287.03,PAID
H-00185,M-1116,P-1036,PR-1006,2025-06-29,70035,R51.9,2045.00,1397.64,PAID
H-00186,M-1127,P-1043,PR-1019,2025-06-28,70036,K52.9,2082.00,1328.19,DENIED
H-00187,M-1138,P-1050,PR-1032,2025-06-27,70037,R05.9,2119.00,1187.32,PAID
H-00188,M-1149,P-1057,PR-1045,2025-06-26,70038,I25.10,2156.00,1282.12,PAID
H-00189,M-1160,P-1064,PR-1058,2025-06-25,70039,S93.401A,2193.00,1981.88,PAID
H-00190,M-1171,P-1071,PR-1071,2025-06-24,70040,N39.0,2230.00,1879.91,DENIED
H-00191,M-1182,P-1078,PR-1084,2025-06-23,70041,L30.9,2267.00,1413.41,PAID
H-00192,M-1193,P-1085,PR-1097,2025-06-22,70042,M79.1,2304.00,1472.28,PAID
H-00193,M-1204,P-1092,PR-1010,2025-06-21,70043,R07.9,2341.00,1352.70,PAID
H-00194,M-1215,P-1099,PR-1023,2025-06-20,70044,M54.5,2378.00,2027.06,PAID
H-00195,M-1226,P-1106,PR-1036,2025-06-19,70045,M25.561,2415.00,1617.96,PENDING
H-00196,M-1237,P-1113,PR-1049,2025-06-18,70046,R10.9,2452.00,1994.05,PENDING
H-00197,M-1008,P-1120,PR-1062,2025-06-17,70047,G43.909,2489.00,1812.99,PAID
H-00198,M-1019,P-1127,PR-1075,2025-06-16,70048,H10.9,2526.00,1995.12,PAID
H-00199,M-1030,P-1134,PR-1088,2025-06-15,70049,J45.909,2563.00,1989.30,PAID
H-00200,M-1041,P-1141,PR-1001,2025-06-14,70000,J18.9,2600.00,2367.06,PENDING
H-00201,M-1052,P-1148,PR-1014,2025-06-13,70001,E11.9,2637.00,1754.01,PAID
H-00202,M-1063,P-1155,PR-1027,2025-06-12,70002,K21.9,2674.00,2373.72,PAID
H-00203,M-1074,P-1162,PR-1040,2025-06-11,70003,I10,2711.00,1516.95,PAID
H-00204,M-1085,P-1169,PR-1053,2025-06-10,70004,F41.9,2748.00,1944.95,PENDING
H-00205,M-1096,P-1176,PR-1066,2025-06-09,70005,R51.9,2785.00,1985.61,DENIED
H-00206,M-1107,P-1003,PR-1079,2025-06-08,70006,K52.9,2822.00,2144.32,PAID
H-00207,M-1118,P-1010,PR-1092,2025-06-07,70007,R05.9,2859.00,1845.66,DENIED
H-00208,M-1129,P-1017,PR-1005,2025-06-06,70008,I25.10,2896.00,2219.39,PENDING
H-00209,M-1140,P-1024,PR-1018,2025-06-05,70009,S93.401A,2933.00,2033.92,PAID
H-00210,M-1151,P-1031,PR-1031,2025-06-04,70010,N39.0,2970.00,1780.41,PENDING
H-00211,M-1162,P-1038,PR-1044,2025-06-03,70011,L30.9,3007.00,2657.71,PENDING
H-00212,M-1173,P-1045,PR-1057,2025-06-02,70012,M79.1,3044.00,2036.89,PENDING
H-00213,M-1184,P-1052,PR-1070,2025-06-01,70013,R07.9,3081.00,2786.51,PAID
H-00214,M-1195,P-1059,PR-1083,2025-05-31,70014,M54.5,3118.00,2372.52,PAID
H-00215,M-1206,P-1066,PR-1096,2025-05-30,70015,M25.561,3155.00,2479.30,PAID
H-00216,M-1217,P-1073,PR-1009,2025-05-29,70016,R10.9,3192.00,2483.00,PAID
H-00217,M-1228,P-1080,PR-1022,2025-05-28,70017,G43.909,3229.00,1965.34,PENDING
H-00218,M-1239,P-1087,PR-1035,2025-05-27,70018,H10.9,3266.00,1854.82,DENIED
H-00219,M-1010,P-1094,PR-1048,2025-05-26,70019,J45.909,3303.00,2121.82,PAID
H-00220,M-1021,P-1101,PR-1061,2025-05-25,70020,J18.9,3340.00,2591.99,PAID
H-00221,M-1032,P-1108,PR-1074,2025-05-24,70021,E11.9,3377.00,2079.42,DENIED
H-00222,M-1043,P-1115,PR-1087,2025-05-23,70022,K21.9,3414.00,2089.01,PAID
H-00223,M-1054,P-1122,PR-1100,2025-05-22,70023,I10,3451.00,3120.94,PENDING
H-00224,M-1065,P-1129,PR-1013,2025-05-21,70024,F41.9,3488.00,2303.69,PAID
H-00225,M-1076,P-1136,PR-1026,2025-05-20,70025,R51.9,3525.00,2472.95,PAID
H-00226,M-1087,P-1143,PR-1039,2025-05-19,70026,K52.9,3562.00,2171.75,PENDING
H-00227,M-1098,P-1150,PR-1052,2025-05-18,70027,R05.9,3599.00,2744.85,PENDING
H-00228,M-1109,P-1157,PR-1065,2025-05-17,70028,I25.10,3636.00,2919.55,PAID
H-00229,M-1120,P-1164,PR-1078,2025-05-16,70029,S93.401A,3673.00,2942.06,PAID
H-00230,M-1131,P-1171,PR-1091,2025-05-15,70030,N39.0,3710.00,2561.15,PAID
H-00231,M-1142,P-1178,PR-1004,2025-05-14,70031,L30.9,3747.00,2277.61,DENIED
H-00232,M-1153,P-1005,PR-1017,2025-05-13,70032,M79.1,3784.00,2090.23,DENIED
H-00233,M-1164,P-1012,PR-1030,2025-05-12,70033,R07.9,3821.00,3070.16,DENIED
H-00234,M-1175,P-1019,PR-1043,2025-05-11,70034,M54.5,3858.00,2221.70,PENDING
H-00235,M-1186,P-1026,PR-1056,2025-05-10,70035,M25.561,3895.00,3195.78,PAID
H-00236,M-1197,P-1033,PR-1069,2025-05-09,70036,R10.9,3932.00,2706.14,PENDING
H-00237,M-1208,P-1040,PR-1082,2025-05-08,70037,G43.909,3969.00,2733.23,DENIED
H-00238,M-1219,P-1047,PR-1095,2025-05-07,70038,H10.9,4006.00,2790.96,PAID
H-00239,M-1230,P-1054,PR-1008,2025-05-06,70039,J45.909,4043.00,2753.65,PAID
H-00240,M-1001,P-1061,PR-1021,2025-05-05,70040,J18.9,4080.00,3747.49,PENDING
H-00241,M-1012,P-1068,PR-1034,2025-05-04,70041,E11.9,4117.00,2286.01,PAID
H-00242,M-1023,P-1075,PR-1047,2025-05-03,70042,K21.9,4154.00,2997.52,PAID
H-00243,M-1034,P-1082,PR-1060,2025-05-02,70043,I10,4191.00,2383.69,PAID
H-00244,M-1045,P-1089,PR-1073,2025-05-01,70044,F41.9,4228.00,3048.90,DENIED
H-00245,M-1056,P-1096,PR-1086,2025-04-30,70045,R51.9,4265.00,2596.47,PENDING
H-00246,M-1067,P-1103,PR-1099,2025-04-29,70046,K52.9,4302.00,2609.32,PENDING
H-00247,M-1078,P-1110,PR-1012,2025-04-28,70047,R05.9,4339.00,2392.55,DENIED
H-00248,M-1089,P-1117,PR-1025,2025-04-27,70048,I25.10,4376.00,2463.37,PAID
H-00249,M-1100,P-1124,PR-1038,2025-04-26,70049,S93.401A,4413.00,3654.73,PENDING
H-00250,M-1111,P-1131,PR-1051,2025-04-25,70000,N39.0,4450.00,3010.82,DENIED
H-00251,M-1122,P-1138,PR-1064,2025-04-24,70001,L30.9,4487.00,3836.42,PAID
H-00252,M-1133,P-1145,PR-1077,2025-04-23,70002,M79.1,4524.00,3034.98,PAID
H-00253,M-1144,P-1152,PR-1090,2025-04-22,70003,R07.9,4561.00,2705.20,PENDING
H-00254,M-1155,P-1159,PR-1003,2025-04-21,70004,M54.5,4598.00,2569.56,PAID
H-00255,M-1166,P-1166,PR-1016,2025-04-20,70005,M25.561,4635.00,3856.19,PENDING
H-00256,M-1177,P-1173,PR-1029,2025-04-19,70006,R10.9,4672.00,4162.98,DENIED
H-00257,M-1188,P-1180,PR-1042,2025-04-18,70007,G43.909,4709.00,3258.35,PAID
H-00258,M-1199,P-1007,PR-1055,2025-04-17,70008,H10.9,4746.00,4003.93,PAID
H-00259,M-1210,P-1014,PR-1068,2025-04-16,70009,J45.909,4783.00,2859.93,DENIED
H-00260,M-1221,P-1021,PR-1081,2025-04-15,70010,J18.9,4820.00,3342.84,PAID
H-00261,M-1232,P-1028,PR-1094,2025-04-14,70011,E11.9,4857.00,3010.67,PAID
H-00262,M-1003,P-1035,PR-1007,2025-04-13,70012,K21.9,4894.00,4421.02,PENDING
H-00263,M-1014,P-1042,PR-1020,2025-04-12,70013,I10,4931.00,3800.51,PAID
H-00264,M-1025,P-1049,PR-1033,2025-04-11,70014,F41.9,4968.00,4113.15,PAID
H-00265,M-1036,P-1056,PR-1046,2025-04-10,70015,R51.9,105.00,80.13,PAID
H-00266,M-1047,P-1063,PR-1059,2025-04-09,70016,K52.9,142.00,111.36,PENDING
H-00267,M-1058,P-1070,PR-1072,2025-04-08,70017,R05.9,179.00,130.68,PAID
H-00268,M-1069,P-1077,PR-1085,2025-04-07,70018,I25.10,216.00,173.18,DENIED
H-00269,M-1080,P-1084,PR-1098,2025-04-06,70019,S93.401A,253.00,183.38,DENIED
H-00270,M-1091,P-1091,PR-1011,2025-04-05,70020,N39.0,290.00,179.32,PENDING
H-00271,M-1102,P-1098,PR-1024,2025-04-04,70021,L30.9,327.00,297.40,PAID
H-00272,M-1113,P-1105,PR-1037,2025-04-03,70022,M79.1,364.00,227.89,PAID
H-00273,M-1124,P-1112,PR-1050,2025-04-02,70023,R07.9,401.00,284.09,PAID
H-00274,M-1135,P-1119,PR-1063,2025-04-01,70024,M54.5,438.00,374.51,PAID
H-00275,M-1146,P-1126,PR-1076,2025-03-31,70025,M25.561,475.00,434.58,PENDING
H-00276,M-1157,P-1133,PR-1089,2025-03-30,70026,R10.9,512.00,303.39,PAID
H-00277,M-1168,P-1140,PR-1002,2025-03-29,70027,G43.909,549.00,425.21,DENIED
H-00278,M-1179,P-1147,PR-1015,2025-03-28,70028,H10.9,586.00,353.52,PENDING
H-00279,M-1190,P-1154,PR-1028,2025-03-27,70029,J45.909,623.00,387.61,PAID
H-00280,M-1201,P-1161,PR-1041,2025-03-26,70030,J18.9,660.00,414.36,PAID
H-00281,M-1212,P-1168,PR-1054,2025-03-25,70031,E11.9,697.00,557.69,PAID
H-00282,M-1223,P-1175,PR-1067,2025-03-24,70032,K21.9,734.00,546.92,PAID
H-00283,M-1234,P-1002,PR-1080,2025-03-23,70033,I10,771.00,615.46,PAID
H-00284,M-1005,P-1009,PR-1093,2025-03-22,70034,F41.9,808.00,712.25,PENDING
H-00285,M-1016,P-1016,PR-1006,2025-03-21,70035,R51.9,845.00,727.67,PAID
H-00286,M-1027,P-1023,PR-1019,2025-03-20,70036,K52.9,882.00,761.53,PENDING
H-00287,M-1038,P-1030,PR-1032,2025-03-19,70037,R05.9,919.00,696.49,PAID
H-00288,M-1049,P-1037,PR-1045,2025-03-18,70038,I25.10,956.00,667.17,PAID
H-00289,M-1060,P-1044,PR-1058,2025-03-17,70039,S93.401A,993.00,718.90,PAID
H-00290,M-1071,P-1051,PR-1071,2025-03-16,70040,N39.0,1030.00,844.16,PAID
H-00291,M-1082,P-1058,PR-1084,2025-03-15,70041,L30.9,1067.00,588.50,PAID
H-00292,M-1093,P-1065,PR-1097,2025-03-14,70042,M79.1,1104.00,964.19,PAID
H-00293,M-1104,P-1072,PR-1010,2025-03-13,70043,R07.9,1141.00,710.45,PENDING
H-00294,M-1115,P-1079,PR-1023,2025-03-12,70044,M54.5,1178.00,863.65,PAID
H-00295,M-1126,P-1086,PR-1036,2025-03-11,70045,M25.561,1215.00,905.83,PAID
H-00296,M-1137,P-1093,PR-1049,2025-03-10,70046,R10.9,1252.00,1060.44,PAID
H-00297,M-1148,P-1100,PR-1062,2025-03-09,70047,G43.909,1289.00,1044.20,DENIED
H-00298,M-1159,P-1107,PR-1075,2025-03-08,70048,H10.9,1326.00,1164.27,PENDING
H-00299,M-1170,P-1114,PR-1088,2025-03-07,70049,J45.909,1363.00,1053.22,PAID
H-00300,M-1181,P-1121,PR-1001,2025-03-06,70000,J18.9,1400.00,1015.83,PAID
H-00301,M-1192,P-1128,PR-1014,2025-03-05,70001,E11.9,1437.00,1264.62,PAID
H-00302,M-1203,P-1135,PR-1027,2025-03-04,70002,K21.9,1474.00,1242.08,DENIED
H-00303,M-1214,P-1142,PR-1040,2025-03-03,70003,I10,1511.00,1274.81,PAID
H-00304,M-1225,P-1149,PR-1053,2025-03-02,70004,F41.9,1548.00,1244.95,DENIED
H-00305,M-1236,P-1156,PR-1066,2025-03-01,70005,R51.9,1585.00,1033.49,PAID
H-00306,M-1007,P-1163,PR-1079,2025-02-28,70006,K52.9,1622.00,1381.69,PENDING
H-00307,M-1018,P-1170,PR-1092,2025-02-27,70007,R05.9,1659.00,1321.68,PAID
H-00308,M-1029,P-1177,PR-1005,2025-02-26,70008,I25.10,1696.00,1389.69,PAID
H-00309,M-1040,P-1004,PR-1018,2025-02-25,70009,S93.401A,1733.00,1360.88,PAID
H-00310,M-1051,P-1011,PR-1031,2025-02-24,70010,N39.0,1770.00,1223.51,PAID
H-00311,M-1062,P-1018,PR-1044,2025-02-23,70011,L30.9,1807.00,1219.05,PENDING
H-00312,M-1073,P-1025,PR-1057,2025-02-22,70012,M79.1,1844.00,1302.13,PAID
H-00313,M-1084,P-1032,PR-1070,2025-02-21,70013,R07.9,1881.00,1052.76,PAID
H-00314,M-1095,P-1039,PR-1083,2025-02-20,70014,M54.5,1918.00,1385.04,PAID
H-00315,M-1106,P-1046,PR-1096,2025-02-19,70015,M25.561,1955.00,1204.20,PAID
H-00316,M-1117,P-1053,PR-1009,2025-02-18,70016,R10.9,1992.00,1585.22,PENDING
H-00317,M-1128,P-1060,PR-1022,2025-02-17,70017,G43.909,2029.00,1620.52,DENIED
H-00318,M-1139,P-1067,PR-1035,2025-02-16,70018,H10.9,2066.00,1823.78,PAID
H-00319,M-1150,P-1074,PR-1048,2025-02-15,70019,J45.909,2103.00,1648.77,PAID
H-00320,M-1161,P-1081,PR-1061,2025-02-14,70020,J18.9,2140.00,1276.74,PAID
H-00321,M-1172,P-1088,PR-1074,2025-02-13,70021,E11.9,2177.00,1265.24,PAID
H-00322,M-1183,P-1095,PR-1087,2025-02-12,70022,K21.9,2214.00,1297.10,PENDING
H-00323,M-1194,P-1102,PR-1100,2025-02-11,70023,I10,2251.00,1902.28,PAID
H-00324,M-1205,P-1109,PR-1013,2025-02-10,70024,F41.9,2288.00,1275.17,PAID
H-00325,M-1216,P-1116,PR-1026,2025-02-09,70025,R51.9,2325.00,1351.19,PAID
H-00326,M-1227,P-1123,PR-1039,2025-02-08,70026,K52.9,2362.00,1604.99,DENIED
H-00327,M-1238,P-1130,PR-1052,2025-02-07,70027,R05.9,2399.00,1809.06,PAID
H-00328,M-1009,P-1137,PR-1065,2025-02-06,70028,I25.10,2436.00,1950.18,PENDING
H-00329,M-1020,P-1144,PR-1078,2025-02-05,70029,S93.401A,2473.00,1949.76,PAID
H-00330,M-1031,P-1151,PR-1091,2025-02-04,70030,N39.0,2510.00,1680.29,DENIED
H-00331,M-1042,P-1158,PR-1004,2025-02-03,70031,L30.9,2547.00,1923.78,PENDING
H-00332,M-1053,P-1165,PR-1017,2025-02-02,70032,M79.1,2584.00,2096.43,DENIED
H-00333,M-1064,P-1172,PR-1030,2025-02-01,70033,R07.9,2621.00,1456.12,PAID
H-00334,M-1075,P-1179,PR-1043,2025-01-31,70034,M54.5,2658.00,2094.41,PAID
H-00335,M-1086,P-1006,PR-1056,2025-01-30,70035,M25.561,2695.00,1712.92,DENIED
H-00336,M-1097,P-1013,PR-1069,2025-01-29,70036,R10.9,2732.00,1944.93,PENDING
H-00337,M-1108,P-1020,PR-1082,2025-01-28,70037,G43.909,2769.00,2424.76,PENDING
H-00338,M-1119,P-1027,PR-1095,2025-01-27,70038,H10.9,2806.00,2417.86,PENDING
H-00339,M-1130,P-1034,PR-1008,2025-01-26,70039,J45.909,2843.00,2600.87,PAID
H-00340,M-1141,P-1041,PR-1021,2025-01-25,70040,J18.9,2880.00,1790.35,PAID
H-00341,M-1152,P-1048,PR-1034,2025-01-24,70041,E11.9,2917.00,2276.49,PAID
H-00342,M-1163,P-1055,PR-1047,2025-01-23,70042,K21.9,2954.00,2516.39,PAID
H-00343,M-1174,P-1062,PR-1060,2025-01-22,70043,I10,2991.00,1811.36,PAID
H-00344,M-1185,P-1069,PR-1073,2025-01-21,70044,F41.9,3028.00,1856.30,PAID
H-00345,M-1196,P-1076,PR-1086,2025-01-20,70045,R51.9,3065.00,2299.25,PENDING
H-00346,M-1207,P-1083,PR-1099,2025-01-19,70046,K52.9,3102.00,2759.71,PAID
H-00347,M-1218,P-1090,PR-1012,2025-01-18,70047,R05.9,3139.00,2193.70,PAID
H-00348,M-1229,P-1097,PR-1025,2025-01-17,70048,I25.10,3176.00,2641.27,PAID
H-00349,M-1240,P-1104,PR-1038,2025-01-16,70049,S93.401A,3213.00,2646.98,PENDING
H-00350,M-1011,P-1111,PR-1051,2025-01-15,70000,N39.0,3250.00,2980.21,PENDING
H-00351,M-1022,P-1118,PR-1064,2025-01-14,70001,L30.9,3287.00,2849.09,PAID
H-00352,M-1033,P-1125,PR-1077,2025-01-13,70002,M79.1,3324.00,1861.85,PAID
H-00353,M-1044,P-1132,PR-1090,2025-01-12,70003,R07.9,3361.00,2204.66,PENDING
H-00354,M-1055,P-1139,PR-1003,2025-01-11,70004,M54.5,3398.00,1878.77,PENDING
H-00355,M-1066,P-1146,PR-1016,2025-01-10,70005,M25.561,3435.00,2246.32,DENIED
H-00356,M-1077,P-1153,PR-1029,2025-01-09,70006,R10.9,3472.00,2658.75,PENDING
H-00357,M-1088,P-1160,PR-1042,2025-01-08,70007,G43.909,3509.00,1947.22,PENDING
H-00358,M-1099,P-1167,PR-1055,2025-01-07,70008,H10.9,3546.00,2443.45,PAID
H-00359,M-1110,P-1174,PR-1068,2025-01-06,70009,J45.909,3583.00,2845.75,PENDING
H-00360,M-1121,P-1001,PR-1081,2025-01-05,70010,J18.9,3620.00,2937.92,DENIED
H-00361,M-1132,P-1008,PR-1094,2025-01-04,70011,E11.9,3657.00,2783.53,DENIED
H-00362,M-1143,P-1015,PR-1007,2025-01-03,70012,K21.9,3694.00,2908.73,PAID
H-00363,M-1154,P-1022,PR-1020,2025-01-02,70013,I10,3731.00,3188.87,PAID
H-00364,M-1165,P-1029,PR-1033,2025-01-01,70014,F41.9,3768.00,2775.38,PAID
H-00365,M-1176,P-1036,PR-1046,2024-12-31,70015,R51.9,3805.00,2281.98,PAID
H-00366,M-1187,P-1043,PR-1059,2024-12-30,70016,K52.9,3842.00,2627.50,PENDING
H-00367,M-1198,P-1050,PR-1072,2024-12-29,70017,R05.9,3879.00,2306.69,PAID
H-00368,M-1209,P-1057,PR-1085,2024-12-28,70018,I25.10,3916.00,2598.74,PAID
H-00369,M-1220,P-1064,PR-1098,2024-12-27,70019,S93.401A,3953.00,2379.94,DENIED
H-00370,M-1231,P-1071,PR-1011,2024-12-26,70020,N39.0,3990.00,2614.99,DENIED
H-00371,M-1002,P-1078,PR-1024,2024-12-25,70021,L30.9,4027.00,3414.22,PAID
H-00372,M-1013,P-1085,PR-1037,2024-12-24,70022,M79.1,4064.00,2615.60,PAID
H-00373,M-1024,P-1092,PR-1050,2024-12-23,70023,R07.9,4101.00,3258.54,PAID
H-00374,M-1035,P-1099,PR-1063,2024-12-22,70024,M54.5,4138.00,3537.68,PAID
H-00375,M-1046,P-1106,PR-1076,2024-12-21,70025,M25.561,4175.00,3477.59,PAID
H-00376,M-1057,P-1113,PR-1089,2024-12-20,70026,R10.9,4212.00,2348.74,PENDING
H-00377,M-1068,P-1120,PR-1002,2024-12-19,70027,G43.909,4249.00,2852.34,PAID
H-00378,M-1079,P-1127,PR-1015,2024-12-18,70028,H10.9,4286.00,2504.84,PAID
H-00379,M-1090,P-1134,PR-1028,2024-12-17,70029,J45.909,4323.00,2956.07,PAID
H-00380,M-1101,P-1141,PR-1041,2024-12-16,70030,J18.9,4360.00,3561.44,PAID
H-00381,M-1112,P-1148,PR-1054,2024-12-15,70031,E11.9,4397.00,3185.77,PAID
H-00382,M-1123,P-1155,PR-1067,2024-12-14,70032,K21.9,4434.00,3299.45,PAID
H-00383,M-1134,P-1162,PR-1080,2024-12-13,70033,I10,4471.00,3407.37,DENIED
H-00384,M-1145,P-1169,PR-1093,2024-12-12,70034,F41.9,4508.00,3515.07,PENDING
H-00385,M-1156,P-1176,PR-1006,2024-12-11,70035,R51.9,4545.00,2555.75,PAID
H-00386,M-1167,P-1003,PR-1019,2024-12-10,70036,K52.9,4582.00,4042.09,PAID
H-00387,M-1178,P-1010,PR-1032,2024-12-09,70037,R05.9,4619.00,3068.64,PAID
H-00388,M-1189,P-1017,PR-1045,2024-12-08,70038,I25.10,4656.00,3457.06,PAID
H-00389,M-1200,P-1024,PR-1058,2024-12-07,70039,S93.401A,4693.00,3448.61,PENDING
H-00390,M-1211,P-1031,PR-1071,2024-12-06,70040,N39.0,4730.00,3741.03,PAID
H-00391,M-1222,P-1038,PR-1084,2024-12-05,70041,L30.9,4767.00,3682.63,PAID
H-00392,M-1233,P-1045,PR-1097,2024-12-04,70042,M79.1,4804.00,3855.75,PAID
H-00393,M-1004,P-1052,PR-1010,2024-12-03,70043,R07.9,4841.00,3030.45,PAID
H-00394,M-1015,P-1059,PR-1023,2024-12-02,70044,M54.5,4878.00,4045.16,PAID
H-00395,M-1026,P-1066,PR-1036,2024-12-01,70045,M25.561,4915.00,2758.84,PENDING
H-00396,M-1037,P-1073,PR-1049,2024-11-30,70046,R10.9,4952.00,3678.32,DENIED
H-00397,M-1048,P-1080,PR-1062,2024-11-29,70047,G43.909,4989.00,4104.32,PAID
H-00398,M-1059,P-1087,PR-1075,2024-11-28,70048,H10.9,126.00,110.76,PAID
H-00399,M-1070,P-1094,PR-1088,2024-11-27,70049,J45.909,163.00,146.81,PAID
H-00400,M-1081,P-1101,PR-1001,2024-11-26,70000,J18.9,200.00,168.59,DENIED
H-00401,M-1092,P-1108,PR-1014,2024-11-25,70001,E11.9,237.00,190.01,PAID
H-00402,M-1103,P-1115,PR-1027,2024-11-24,70002,K21.9,274.00,234.84,PAID
H-00403,M-1114,P-1122,PR-1040,2024-11-23,70003,I10,311.00,280.36,DENIED
H-00404,M-1125,P-1129,PR-1053,2024-11-22,70004,F41.9,348.00,238.81,PAID
H-00405,M-1136,P-1136,PR-1066,2024-11-21,70005,R51.9,385.00,220.38,DENIED
H-00406,M-1147,P-1143,PR-1079,2024-11-20,70006,K52.9,422.00,363.67,PAID
H-00407,M-1158,P-1150,PR-1092,2024-11-19,70007,R05.9,459.00,261.11,PAID
H-00408,M-1169,P-1157,PR-1005,2024-11-18,70008,I25.10,496.00,294.95,PENDING
H-00409,M-1180,P-1164,PR-1018,2024-11-17,70009,S93.401A,533.00,458.04,PAID
H-00410,M-1191,P-1171,PR-1031,2024-11-16,70010,N39.0,570.00,512.14,PAID
H-00411,M-1202,P-1178,PR-1044,2024-11-15,70011,L30.9,607.00,439.18,PENDING
H-00412,M-1213,P-1005,PR-1057,2024-11-14,70012,M79.1,644.00,416.65,PAID
H-00413,M-1224,P-1012,PR-1070,2024-11-13,70013,R07.9,681.00,607.89,PAID
H-00414,M-1235,P-1019,PR-1083,2024-11-12,70014,M54.5,718.00,588.19,PAID
H-00415,M-1006,P-1026,PR-1096,2024-11-11,70015,M25.561,755.00,548.18,PENDING
H-00416,M-1017,P-1033,PR-1009,2024-11-10,70016,R10.9,792.00,560.16,DENIED
H-00417,M-1028,P-1040,PR-1022,2024-11-09,70017,G43.909,829.00,726.73,PAID
H-00418,M-1039,P-1047,PR-1035,2024-11-08,70018,H10.9,866.00,524.18,PAID
H-00419,M-1050,P-1054,PR-1048,2024-11-07,70019,J45.909,903.00,790.84,DENIED
H-00420,M-1061,P-1061,PR-1061,2024-11-06,70020,J18.9,940.00,520.83,PAID
H-00421,M-1072,P-1068,PR-1074,2024-11-05,70021,E11.9,977.00,733.30,PAID
H-00422,M-1083,P-1075,PR-1087,2024-11-04,70022,K21.9,1014.00,675.92,PAID
H-00423,M-1094,P-1082,PR-1100,2024-11-03,70023,I10,1051.00,942.77,PENDING
H-00424,M-1105,P-1089,PR-1013,2024-11-02,70024,F41.9,1088.00,683.82,PENDING
H-00425,M-1116,P-1096,PR-1026,2024-11-01,70025,R51.9,1125.00,780.23,PAID
H-00426,M-1127,P-1103,PR-1039,2024-10-31,70026,K52.9,1162.00,849.36,PAID
H-00427,M-1138,P-1110,PR-1052,2024-10-30,70027,R05.9,1199.00,824.38,PAID
H-00428,M-1149,P-1117,PR-1065,2024-10-29,70028,I25.10,1236.00,1113.56,PAID
H-00429,M-1160,P-1124,PR-1078,2024-10-28,70029,S93.401A,1273.00,944.64,PAID
H-00430,M-1171,P-1131,PR-1091,2024-10-27,70030,N39.0,1310.00,937.23,PAID
H-00431,M-1182,P-1138,PR-1004,2024-10-26,70031,L30.9,1347.00,960.15,PENDING
H-00432,M-1193,P-1145,PR-1017,2024-10-25,70032,M79.1,1384.00,1027.90,DENIED
H-00433,M-1204,P-1152,PR-1030,2024-10-24,70033,R07.9,1421.00,886.62,PAID
H-00434,M-1215,P-1159,PR-1043,2024-10-23,70034,M54.5,1458.00,1322.87,PAID
H-00435,M-1226,P-1166,PR-1056,2024-10-22,70035,M25.561,1495.00,1056.39,DENIED
H-00436,M-1237,P-1173,PR-1069,2024-10-21,70036,R10.9,1532.00,884.39,DENIED
H-00437,M-1008,P-1180,PR-1082,2024-10-20,70037,G43.909,1569.00,1150.56,DENIED
H-00438,M-1019,P-1007,PR-1095,2024-10-19,70038,H10.9,1606.00,940.94,PENDING
H-00439,M-1030,P-1014,PR-1008,2024-10-18,70039,J45.909,1643.00,1269.61,PAID
H-00440,M-1041,P-1021,PR-1021,2024-10-17,70040,J18.9,1680.00,1330.51,PAID
H-00441,M-1052,P-1028,PR-1034,2024-10-16,70041,E11.9,1717.00,1260.04,PAID
H-00442,M-1063,P-1035,PR-1047,2024-10-15,70042,K21.9,1754.00,1398.41,PAID
H-00443,M-1074,P-1042,PR-1060,2024-10-14,70043,I10,1791.00,1566.45,PAID
H-00444,M-1085,P-1049,PR-1073,2024-10-13,70044,F41.9,1828.00,1483.13,PAID
H-00445,M-1096,P-1056,PR-1086,2024-10-12,70045,R51.9,1865.00,1523.19,PAID
H-00446,M-1107,P-1063,PR-1099,2024-10-11,70046,K52.9,1902.00,1175.04,PENDING
H-00447,M-1118,P-1070,PR-1012,2024-10-10,70047,R05.9,1939.00,1757.12,PENDING
H-00448,M-1129,P-1077,PR-1025,2024-10-09,70048,I25.10,1976.00,1798.75,DENIED
H-00449,M-1140,P-1084,PR-1038,2024-10-08,70049,S93.401A,2013.00,1394.42,PAID
H-00450,M-1151,P-1091,PR-1051,2024-10-07,70000,N39.0,2050.00,1234.08,DENIED
H-00451,M-1162,P-1098,PR-1064,2024-10-06,70001,L30.9,2087.00,1709.34,PAID
H-00452,M-1173,P-1105,PR-1077,2024-10-05,70002,M79.1,2124.00,1799.90,PAID
H-00453,M-1184,P-1112,PR-1090,2024-10-04,70003,R07.9,2161.00,1481.20,PAID
H-00454,M-1195,P-1119,PR-1003,2024-10-03,70004,M54.5,2198.00,1732.35,DENIED
H-00455,M-1206,P-1126,PR-1016,2024-10-02,70005,M25.561,2235.00,1419.19,PAID
H-00456,M-1217,P-1133,PR-1029,2024-10-01,70006,R10.9,2272.00,1946.71,PAID
H-00457,M-1228,P-1140,PR-1042,2024-09-30,70007,G43.909,2309.00,1688.44,DENIED
H-00458,M-1239,P-1147,PR-1055,2024-09-29,70008,H10.9,2346.00,1870.72,PAID
H-00459,M-1010,P-1154,PR-1068,2024-09-28,70009,J45.909,2383.00,1772.05,PAID
H-00460,M-1021,P-1161,PR-1081,2024-09-27,70010,J18.9,2420.00,1941.77,DENIED
H-00461,M-1032,P-1168,PR-1094,2024-09-26,70011,E11.9,2457.00,2248.49,PAID
H-00462,M-1043,P-1175,PR-1007,2024-09-25,70012,K21.9,2494.00,1450.50,PAID
H-00463,M-1054,P-1002,PR-1020,2024-09-24,70013,I10,2531.00,2002.92,PAID
H-00464,M-1065,P-1009,PR-1033,2024-09-23,70014,F41.9,2568.00,1818.30,PAID
H-00465,M-1076,P-1016,PR-1046,2024-09-22,70015,R51.9,2605.00,2306.51,DENIED
H-00466,M-1087,P-1023,PR-1059,2024-09-21,70016,K52.9,2642.00,2103.14,DENIED
H-00467,M-1098,P-1030,PR-1072,2024-09-20,70017,R05.9,2679.00,2019.11,PAID
H-00468,M-1109,P-1037,PR-1085,2024-09-19,70018,I25.10,2716.00,2202.66,PAID
H-00469,M-1120,P-1044,PR-1098,2024-09-18,70019,S93.401A,2753.00,2433.87,DENIED
H-00470,M-1131,P-1051,PR-1011,2024-09-17,70020,N39.0,2790.00,1575.39,PAID
H-00471,M-1142,P-1058,PR-1024,2024-09-16,70021,L30.9,2827.00,2520.40,PAID
H-00472,M-1153,P-1065,PR-1037,2024-09-15,70022,M79.1,2864.00,2439.51,DENIED
H-00473,M-1164,P-1072,PR-1050,2024-09-14,70023,R07.9,2901.00,2630.78,DENIED
H-00474,M-1175,P-1079,PR-1063,2024-09-13,70024,M54.5,2938.00,2474.29,PAID
H-00475,M-1186,P-1086,PR-1076,2024-09-12,70025,M25.561,2975.00,1820.92,PENDING
H-00476,M-1197,P-1093,PR-1089,2024-09-11,70026,R10.9,3012.00,2540.13,PAID
H-00477,M-1208,P-1100,PR-1002,2024-09-10,70027,G43.909,3049.00,2502.97,PENDING
H-00478,M-1219,P-1107,PR-1015,2024-09-09,70028,H10.9,3086.00,1943.82,PENDING
H-00479,M-1230,P-1114,PR-1028,2024-09-08,70029,J45.909,3123.00,2670.64,PAID
H-00480,M-1001,P-1121,PR-1041,2024-09-07,70030,J18.9,3160.00,2027.71,PAID
H-00481,M-1012,P-1128,PR-1054,2024-09-06,70031,E11.9,3197.00,2378.72,PENDING
H-00482,M-1023,P-1135,PR-1067,2024-09-05,70032,K21.9,3234.00,1986.37,DENIED
H-00483,M-1034,P-1142,PR-1080,2024-09-04,70033,I10,3271.00,2103.16,PAID
H-00484,M-1045,P-1149,PR-1093,2024-09-03,70034,F41.9,3308.00,2960.31,PAID
H-00485,M-1056,P-1156,PR-1006,2024-09-02,70035,R51.9,3345.00,2401.83,PENDING
H-00486,M-1067,P-1163,PR-1019,2024-09-01,70036,K52.9,3382.00,2674.32,PAID
H-00487,M-1078,P-1170,PR-1032,2024-08-31,70037,R05.9,3419.00,2955.34,PAID
H-00488,M-1089,P-1177,PR-1045,2024-08-30,70038,I25.10,3456.00,2877.78,PAID
H-00489,M-1100,P-1004,PR-1058,2024-08-29,70039,S93.401A,3493.00,3093.83,PENDING
H-00490,M-1111,P-1011,PR-1071,2024-08-28,70040,N39.0,3530.00,2346.14,PAID
H-00491,M-1122,P-1018,PR-1084,2024-08-27,70041,L30.9,3567.00,2839.26,PAID
H-00492,M-1133,P-1025,PR-1097,2024-08-26,70042,M79.1,3604.00,2522.41,PAID
H-00493,M-1144,P-1032,PR-1010,2024-08-25,70043,R07.9,3641.00,3172.82,PENDING
H-00494,M-1155,P-1039,PR-1023,2024-08-24,70044,M54.5,3678.00,2502.45,PAID
H-00495,M-1166,P-1046,PR-1036,2024-08-23,70045,M25.561,3715.00,3349.41,PENDING
H-00496,M-1177,P-1053,PR-1049,2024-08-22,70046,R10.9,3752.00,2462.12,PAID
H-00497,M-1188,P-1060,PR-1062,2024-08-21,70047,G43.909,3789.00,2178.72,PAID
H-00498,M-1199,P-1067,PR-1075,2024-08-20,70048,H10.9,3826.00,3245.38,PENDING
H-00499,M-1210,P-1074,PR-1088,2024-08-19,70049,J45.909,3863.00,2147.51,PAID
H-00500,M-1221,P-1081,PR-1001,2024-08-18,70000,J18.9,3900.00,2829.14,DENIED
H-00501,M-1232,P-1088,PR-1014,2024-08-17,70001,E11.9,3937.00,3394.84,PAID
H-00502,M-1003,P-1095,PR-1027,2024-08-16,70002,K21.9,3974.00,3448.99,DENIED
H-00503,M-1014,P-1102,PR-1040,2024-08-15,70003,I10,4011.00,2517.26,PAID
H-00504,M-1025,P-1109,PR-1053,2024-08-14,70004,F41.9,4048.00,2902.12,PAID
H-00505,M-1036,P-1116,PR-1066,2024-08-13,70005,R51.9,4085.00,2396.90,DENIED
H-00506,M-1047,P-1123,PR-1079,2024-08-12,70006,K52.9,4122.00,3557.45,DENIED
H-00507,M-1058,P-1130,PR-1092,2024-08-11,70007,R05.9,4159.00,2659.53,PAID
H-00508,M-1069,P-1137,PR-1005,2024-08-10,70008,I25.10,4196.00,2881.20,PAID
H-00509,M-1080,P-1144,PR-1018,2024-08-09,70009,S93.401A,4233.00,3281.38,PAID
H-00510,M-1091,P-1151,PR-1031,2024-08-08,70010,N39.0,4270.00,2762.08,PAID
H-00511,M-1102,P-1158,PR-1044,2024-08-07,70011,L30.9,4307.00,2790.60,PAID
H-00512,M-1113,P-1165,PR-1057,2024-08-06,70012,M79.1,4344.00,2950.62,PAID
H-00513,M-1124,P-1172,PR-1070,2024-08-05,70013,R07.9,4381.00,2961.73,PENDING
H-00514,M-1135,P-1179,PR-1083,2024-08-04,70014,M54.5,4418.00,3114.38,PENDING
H-00515,M-1146,P-1006,PR-1096,2024-08-03,70015,M25.561,4455.00,3419.39,PAID
H-00516,M-1157,P-1013,PR-1009,2024-08-02,70016,R10.9,4492.00,3637.36,PAID
H-00517,M-1168,P-1020,PR-1022,2024-08-01,70017,G43.909,4529.00,3826.17,DENIED
H-00518,M-1179,P-1027,PR-1035,2024-07-31,70018,H10.9,4566.00,2884.93,PAID
H-00519,M-1190,P-1034,PR-1048,2024-07-30,70019,J45.909,4603.00,3750.62,DENIED
H-00520,M-1201,P-1041,PR-1061,2024-07-29,70020,J18.9,4640.00,2655.70,PAID
H-00521,M-1212,P-1048,PR-1074,2024-07-28,70021,E11.9,4677.00,2598.94,PAID
H-00522,M-1223,P-1055,PR-1087,2024-07-27,70022,K21.9,4714.00,2649.38,PENDING
H-00523,M-1234,P-1062,PR-1100,2024-07-26,70023,I10,4751.00,3578.55,PAID
H-00524,M-1005,P-1069,PR-1013,2024-07-25,70024,F41.9,4788.00,3761.31,PENDING
H-00525,M-1016,P-1076,PR-1026,2024-07-24,70025,R51.9,4825.00,4047.80,DENIED
H-00526,M-1027,P-1083,PR-1039,2024-07-23,70026,K52.9,4862.00,4324.73,PAID
H-00527,M-1038,P-1090,PR-1052,2024-07-22,70027,R05.9,4899.00,3458.53,PENDING
H-00528,M-1049,P-1097,PR-1065,2024-07-21,70028,I25.10,4936.00,3173.19,PAID
H-00529,M-1060,P-1104,PR-1078,2024-07-20,70029,S93.401A,4973.00,3778.69,PAID
H-00530,M-1071,P-1111,PR-1091,2024-07-19,70030,N39.0,110.00,70.95,DENIED
H-00531,M-1082,P-1118,PR-1004,2024-07-18,70031,L30.9,147.00,120.12,DENIED
H-00532,M-1093,P-1125,PR-1017,2024-07-17,70032,M79.1,184.00,146.55,PAID
H-00533,M-1104,P-1132,PR-1030,2024-07-16,70033,R07.9,221.00,192.60,PENDING
H-00534,M-1115,P-1139,PR-1043,2024-07-15,70034,M54.5,258.00,170.68,PAID
H-00535,M-1126,P-1146,PR-1056,2024-07-14,70035,M25.561,295.00,163.74,PAID
H-00536,M-1137,P-1153,PR-1069,2024-07-13,70036,R10.9,332.00,294.72,PAID
H-00537,M-1148,P-1160,PR-1082,2024-07-12,70037,G43.909,369.00,331.45,PAID
H-00538,M-1159,P-1167,PR-1095,2024-07-11,70038,H10.9,406.00,250.27,PENDING
H-00539,M-1170,P-1174,PR-1008,2024-07-10,70039,J45.909,443.00,306.13,PAID
H-00540,M-1181,P-1001,PR-1021,2024-07-09,70040,J18.9,480.00,329.14,PAID
H-00541,M-1192,P-1008,PR-1034,2024-07-08,70041,E11.9,517.00,470.17,PENDING
H-00542,M-1203,P-1015,PR-1047,2024-07-07,70042,K21.9,554.00,478.56,PENDING
H-00543,M-1214,P-1022,PR-1060,2024-07-06,70043,I10,591.00,436.39,PAID
H-00544,M-1225,P-1029,PR-1073,2024-07-05,70044,F41.9,628.00,445.32,PAID
H-00545,M-1236,P-1036,PR-1086,2024-07-04,70045,R51.9,665.00,392.43,DENIED
H-00546,M-1007,P-1043,PR-1099,2024-07-03,70046,K52.9,702.00,433.52,PAID
H-00547,M-1018,P-1050,PR-1012,2024-07-02,70047,R05.9,739.00,675.65,PAID
H-00548,M-1029,P-1057,PR-1025,2024-07-01,70048,I25.10,776.00,532.28,PAID
H-00549,M-1040,P-1064,PR-1038,2024-06-30,70049,S93.401A,813.00,503.39,PENDING
H-00550,M-1051,P-1071,PR-1051,2024-06-29,70000,N39.0,850.00,765.95,PAID
H-00551,M-1062,P-1078,PR-1064,2024-06-28,70001,L30.9,887.00,738.72,PAID
H-00552,M-1073,P-1085,PR-1077,2024-06-27,70002,M79.1,924.00,552.34,DENIED
H-00553,M-1084,P-1092,PR-1090,2024-06-26,70003,R07.9,961.00,840.57,PAID
H-00554,M-1095,P-1099,PR-1003,2024-06-25,70004,M54.5,998.00,811.28,PAID
H-00555,M-1106,P-1106,PR-1016,2024-06-24,70005,M25.561,1035.00,831.35,PAID
H-00556,M-1117,P-1113,PR-1029,2024-06-23,70006,R10.9,1072.00,689.15,PAID
H-00557,M-1128,P-1120,PR-1042,2024-06-22,70007,G43.909,1109.00,970.57,PENDING
H-00558,M-1139,P-1127,PR-1055,2024-06-21,70008,H10.9,1146.00,719.82,PAID
H-00559,M-1150,P-1134,PR-1068,2024-06-20,70009,J45.909,1183.00,1080.07,PAID
H-00560,M-1161,P-1141,PR-1081,2024-06-19,70010,J18.9,1220.00,739.83,PAID
H-00561,M-1172,P-1148,PR-1094,2024-06-18,70011,E11.9,1257.00,951.96,DENIED
H-00562,M-1183,P-1155,PR-1007,2024-06-17,70012,K21.9,1294.00,924.41,PAID
H-00563,M-1194,P-1162,PR-1020,2024-06-16,70013,I10,1331.00,759.86,PENDING
H-00564,M-1205,P-1169,PR-1033,2024-06-15,70014,F41.9,1368.00,1036.51,PAID
H-00565,M-1216,P-1176,PR-1046,2024-06-14,70015,R51.9,1405.00,1103.33,PAID
H-00566,M-1227,P-1003,PR-1059,2024-06-13,70016,K52.9,1442.00,929.01,DENIED
H-00567,M-1238,P-1010,PR-1072,2024-06-12,70017,R05.9,1479.00,1164.79,PAID
H-00568,M-1009,P-1017,PR-1085,2024-06-11,70018,I25.10,1516.00,1343.51,PAID
H-00569,M-1020,P-1024,PR-1098,2024-06-10,70019,S93.401A,1553.00,1418.74,PAID
H-00570,M-1031,P-1031,PR-1011,2024-06-09,70020,N39.0,1590.00,1256.15,DENIED
H-00571,M-1042,P-1038,PR-1024,2024-06-08,70021,L30.9,1627.00,1049.35,PAID
H-00572,M-1053,P-1045,PR-1037,2024-06-07,70022,M79.1,1664.00,1022.47,PAID
H-00573,M-1064,P-1052,PR-1050,2024-06-06,70023,R07.9,1701.00,1178.22,PENDING
H-00574,M-1075,P-1059,PR-1063,2024-06-05,70024,M54.5,1738.00,1122.87,PAID
H-00575,M-1086,P-1066,PR-1076,2024-06-04,70025,M25.561,1775.00,1223.87,PAID
H-00576,M-1097,P-1073,PR-1089,2024-06-03,70026,R10.9,1812.00,1558.05,PAID
H-00577,M-1108,P-1080,PR-1002,2024-06-02,70027,G43.909,1849.00,1584.30,PENDING
H-00578,M-1119,P-1087,PR-1015,2024-06-01,70028,H10.9,1886.00,1721.88,PENDING
H-00579,M-1130,P-1094,PR-1028,2024-05-31,70029,J45.909,1923.00,1270.75,PAID
H-00580,M-1141,P-1101,PR-1041,2024-05-30,70030,J18.9,1960.00,1570.00,DENIED
H-00581,M-1152,P-1108,PR-1054,2024-05-29,70031,E11.9,1997.00,1164.80,DENIED
H-00582,M-1163,P-1115,PR-1067,2024-05-28,70032,K21.9,2034.00,1662.51,PENDING
H-00583,M-1174,P-1122,PR-1080,2024-05-27,70033,I10,2071.00,1460.94,PAID
H-00584,M-1185,P-1129,PR-1093,2024-05-26,70034,F41.9,2108.00,1251.29,PENDING
H-00585,M-1196,P-1136,PR-1006,2024-05-25,70035,R51.9,2145.00,1723.71,PAID
H-00586,M-1207,P-1143,PR-1019,2024-05-24,70036,K52.9,2182.00,1485.81,PAID
H-00587,M-1218,P-1150,PR-1032,2024-05-23,70037,R05.9,2219.00,1738.75,PAID
H-00588,M-1229,P-1157,PR-1045,2024-05-22,70038,I25.10,2256.00,1309.22,PAID
H-00589,M-1240,P-1164,PR-1058,2024-05-21,70039,S93.401A,2293.00,2039.56,PAID
H-00590,M-1011,P-1171,PR-1071,2024-05-20,70040,N39.0,2330.00,1499.47,DENIED
H-00591,M-1022,P-1178,PR-1084,2024-05-19,70041,L30.9,2367.00,1706.34,PAID
H-00592,M-1033,P-1005,PR-1097,2024-05-18,70042,M79.1,2404.00,2179.54,PENDING
H-00593,M-1044,P-1012,PR-1010,2024-05-17,70043,R07.9,2441.00,1721.73,PENDING
H-00594,M-1055,P-1019,PR-1023,2024-05-16,70044,M54.5,2478.00,1753.24,DENIED
H-00595,M-1066,P-1026,PR-1036,2024-05-15,70045,M25.561,2515.00,2297.98,PAID
H-00596,M-1077,P-1033,PR-1049,2024-05-14,70046,R10.9,2552.00,2011.86,PAID
H-00597,M-1088,P-1040,PR-1062,2024-05-13,70047,G43.909,2589.00,1827.38,PAID
H-00598,M-1099,P-1047,PR-1075,2024-05-12,70048,H10.9,2626.00,1937.96,PENDING
H-00599,M-1110,P-1054,PR-1088,2024-05-11,70049,J45.909,2663.00,2404.24,PAID
H-00600,M-1121,P-1061,PR-1001,2024-05-10,70000,J18.9,2700.00,1849.90,PAID
H-00601,M-1132,P-1068,PR-1014,2024-05-09,70001,E11.9,2737.00,2223.46,PENDING
H-00602,M-1143,P-1075,PR-1027,2024-05-08,70002,K21.9,2774.00,1956.07,PENDING
H-00603,M-1154,P-1082,PR-1040,2024-05-07,70003,I10,2811.00,2241.10,DENIED
H-00604,M-1165,P-1089,PR-1053,2024-05-06,70004,F41.9,2848.00,2239.74,PAID
H-00605,M-1176,P-1096,PR-1066,2024-05-05,70005,R51.9,2885.00,2271.62,DENIED
H-00606,M-1187,P-1103,PR-1079,2024-05-04,70006,K52.9,2922.00,1765.91,PENDING
H-00607,M-1198,P-1110,PR-1092,2024-05-03,70007,R05.9,2959.00,2498.31,PAID
H-00608,M-1209,P-1117,PR-1005,2024-05-02,70008,I25.10,2996.00,1825.44,PAID
H-00609,M-1220,P-1124,PR-1018,2024-05-01,70009,S93.401A,3033.00,2349.93,DENIED
H-00610,M-1231,P-1131,PR-1031,2024-04-30,70010,N39.0,3070.00,2345.37,PENDING
H-00611,M-1002,P-1138,PR-1044,2024-04-29,70011,L30.9,3107.00,2800.49,DENIED
H-00612,M-1013,P-1145,PR-1057,2024-04-28,70012,M79.1,3144.00,2801.88,PAID
H-00613,M-1024,P-1152,PR-1070,2024-04-27,70013,R07.9,3181.00,2568.13,PAID
H-00614,M-1035,P-1159,PR-1083,2024-04-26,70014,M54.5,3218.00,2211.98,PAID
H-00615,M-1046,P-1166,PR-1096,2024-04-25,70015,M25.561,3255.00,2500.67,PAID
H-00616,M-1057,P-1173,PR-1009,2024-04-24,70016,R10.9,3292.00,2892.76,PAID
H-00617,M-1068,P-1180,PR-1022,2024-04-23,70017,G43.909,3329.00,2002.47,PAID
H-00618,M-1079,P-1007,PR-1035,2024-04-22,70018,H10.9,3366.00,2708.71,PAID
H-00619,M-1090,P-1014,PR-1048,2024-04-21,70019,J45.909,3403.00,2273.72,PENDING
H-00620,M-1101,P-1021,PR-1061,2024-04-20,70020,J18.9,3440.00,1971.51,PAID
H-00621,M-1112,P-1028,PR-1074,2024-04-19,70021,E11.9,3477.00,2680.91,PAID
H-00622,M-1123,P-1035,PR-1087,2024-04-18,70022,K21.9,3514.00,2363.51,PAID
H-00623,M-1134,P-1042,PR-1100,2024-04-17,70023,I10,3551.00,2069.25,PAID
H-00624,M-1145,P-1049,PR-1013,2024-04-16,70024,F41.9,3588.00,3018.07,PAID
H-00625,M-1156,P-1056,PR-1026,2024-04-15,70025,R51.9,3625.00,2983.74,PENDING
H-00626,M-1167,P-1063,PR-1039,2024-04-14,70026,K52.9,3662.00,2305.31,PENDING
H-00627,M-1178,P-1070,PR-1052,2024-04-13,70027,R05.9,3699.00,3352.16,PAID
H-00628,M-1189,P-1077,PR-1065,2024-04-12,70028,I25.10,3736.00,2778.54,PAID
H-00629,M-1200,P-1084,PR-1078,2024-04-11,70029,S93.401A,3773.00,2937.38,PENDING
H-00630,M-1211,P-1091,PR-1091,2024-04-10,70030,N39.0,3810.00,2917.02,PAID
H-00631,M-1222,P-1098,PR-1004,2024-04-09,70031,L30.9,3847.00,3058.54,PENDING
H-00632,M-1233,P-1105,PR-1017,2024-04-08,70032,M79.1,3884.00,2731.01,DENIED
H-00633,M-1004,P-1112,PR-1030,2024-04-07,70033,R07.9,3921.00,3178.28,PAID
H-00634,M-1015,P-1119,PR-1043,2024-04-06,70034,M54.5,3958.00,3024.07,PAID
H-00635,M-1026,P-1126,PR-1056,2024-04-05,70035,M25.561,3995.00,2979.49,PAID
H-00636,M-1037,P-1133,PR-1069,2024-04-04,70036,R10.9,4032.00,3569.47,PAID
H-00637,M-1048,P-1140,PR-1082,2024-04-03,70037,G43.909,4069.00,2990.79,PAID
H-00638,M-1059,P-1147,PR-1095,2024-04-02,70038,H10.9,4106.00,2362.16,PAID
H-00639,M-1070,P-1154,PR-1008,2024-04-01,70039,J45.909,4143.00,2490.75,PAID
H-00640,M-1081,P-1161,PR-1021,2024-03-31,70040,J18.9,4180.00,3790.76,DENIED
H-00641,M-1092,P-1168,PR-1034,2024-03-30,70041,E11.9,4217.00,3769.88,PENDING
H-00642,M-1103,P-1175,PR-1047,2024-03-29,70042,K21.9,4254.00,3008.44,DENIED
H-00643,M-1114,P-1002,PR-1060,2024-03-28,70043,I10,4291.00,2556.67,PENDING
H-00644,M-1125,P-1009,PR-1073,2024-03-27,70044,F41.9,4328.00,3254.89,PAID
H-00645,M-1136,P-1016,PR-1086,2024-03-26,70045,R51.9,4365.00,2841.27,PAID
H-00646,M-1147,P-1023,PR-1099,2024-03-25,70046,K52.9,4402.00,3376.03,PENDING
H-00647,M-1158,P-1030,PR-1012,2024-03-24,70047,R05.9,4439.00,3367.54,PAID
H-00648,M-1169,P-1037,PR-1025,2024-03-23,70048,I25.10,4476.00,3971.12,PAID
H-00649,M-1180,P-1044,PR-1038,2024-03-22,70049,S93.401A,4513.00,2575.51,PAID
H-00650,M-1191,P-1051,PR-1051,2024-03-21,70000,N39.0,4550.00,2950.95,PAID
H-00651,M-1202,P-1058,PR-1064,2024-03-20,70001,L30.9,4587.00,4006.51,DENIED
H-00652,M-1213,P-1065,PR-1077,2024-03-19,70002,M79.1,4624.00,2988.71,PENDING
H-00653,M-1224,P-1072,PR-1090,2024-03-18,70003,R07.9,4661.00,3467.17,PAID
H-00654,M-1235,P-1079,PR-1003,2024-03-17,70004,M54.5,4698.00,2793.49,PAID
H-00655,M-1006,P-1086,PR-1016,2024-03-16,70005,M25.561,4735.00,3810.99,PAID
H-00656,M-1017,P-1093,PR-1029,2024-03-15,70006,R10.9,4772.00,4155.60,DENIED
H-00657,M-1028,P-1100,PR-1042,2024-03-14,70007,G43.909,4809.00,4370.79,PAID
H-00658,M-1039,P-1107,PR-1055,2024-03-13,70008,H10.9,4846.00,3170.01,DENIED
H-00659,M-1050,P-1114,PR-1068,2024-03-12,70009,J45.909,4883.00,4367.28,PAID
H-00660,M-1061,P-1121,PR-1081,2024-03-11,70010,J18.9,4920.00,3122.24,PAID
H-00661,M-1072,P-1128,PR-1094,2024-03-10,70011,E11.9,4957.00,3223.03,PAID
H-00662,M-1083,P-1135,PR-1007,2024-03-09,70012,K21.9,4994.00,4035.31,PAID
H-00663,M-1094,P-1142,PR-1020,2024-03-08,70013,I10,131.00,89.43,PAID
H-00664,M-1105,P-1149,PR-1033,2024-03-07,70014,F41.9,168.00,118.89,DENIED
H-00665,M-1116,P-1156,PR-1046,2024-03-06,70015,R51.9,205.00,154.16,PAID
H-00666,M-1127,P-1163,PR-1059,2024-03-05,70016,K52.9,242.00,193.66,PENDING
H-00667,M-1138,P-1170,PR-1072,2024-03-04,70017,R05.9,279.00,223.95,PENDING
H-00668,M-1149,P-1177,PR-1085,2024-03-03,70018,I25.10,316.00,180.95,PENDING
H-00669,M-1160,P-1004,PR-1098,2024-03-02,70019,S93.401A,353.00,255.94,PENDING
H-00670,M-1171,P-1011,PR-1011,2024-03-01,70020,N39.0,390.00,291.73,PAID
H-00671,M-1182,P-1018,PR-1024,2024-02-29,70021,L30.9,427.00,365.60,PAID
H-00672,M-1193,P-1025,PR-1037,2024-02-28,70022,M79.1,464.00,325.34,PAID
H-00673,M-1204,P-1032,PR-1050,2024-02-27,70023,R07.9,501.00,296.30,PAID
H-00674,M-1215,P-1039,PR-1063,2024-02-26,70024,M54.5,538.00,424.22,PAID
H-00675,M-1226,P-1046,PR-1076,2024-02-25,70025,M25.561,575.00,525.96,DENIED
H-00676,M-1237,P-1053,PR-1089,2024-02-24,70026,R10.9,612.00,554.44,PAID
H-00677,M-1008,P-1060,PR-1002,2024-02-23,70027,G43.909,649.00,470.20,PAID
H-00678,M-1019,P-1067,PR-1015,2024-02-22,70028,H10.9,686.00,431.31,PENDING
H-00679,M-1030,P-1074,PR-1028,2024-02-21,70029,J45.909,723.00,423.31,PAID
H-00680,M-1041,P-1081,PR-1041,2024-02-20,70030,J18.9,760.00,632.25,PAID
H-00681,M-1052,P-1088,PR-1054,2024-02-19,70031,E11.9,797.00,607.91,DENIED
H-00682,M-1063,P-1095,PR-1067,2024-02-18,70032,K21.9,834.00,535.41,PAID
H-00683,M-1074,P-1102,PR-1080,2024-02-17,70033,I10,871.00,777.46,DENIED
H-00684,M-1085,P-1109,PR-1093,2024-02-16,70034,F41.9,908.00,525.97,PAID
H-00685,M-1096,P-1116,PR-1006,2024-02-15,70035,R51.9,945.00,573.73,PAID
H-00686,M-1107,P-1123,PR-1019,2024-02-14,70036,K52.9,982.00,632.92,PAID
H-00687,M-1118,P-1130,PR-1032,2024-02-13,70037,R05.9,1019.00,597.32,PENDING
H-00688,M-1129,P-1137,PR-1045,2024-02-12,70038,I25.10,1056.00,793.29,PAID
H-00689,M-1140,P-1144,PR-1058,2024-02-11,70039,S93.401A,1093.00,883.32,PAID
H-00690,M-1151,P-1151,PR-1071,2024-02-10,70040,N39.0,1130.00,1008.78,PAID
H-00691,M-1162,P-1158,PR-1084,2024-02-09,70041,L30.9,1167.00,830.46,PAID
H-00692,M-1173,P-1165,PR-1097,2024-02-08,70042,M79.1,1204.00,744.88,DENIED
H-00693,M-1184,P-1172,PR-1010,2024-02-07,70043,R07.9,1241.00,851.39,DENIED
H-00694,M-1195,P-1179,PR-1023,2024-02-06,70044,M54.5,1278.00,891.48,PAID
H-00695,M-1206,P-1006,PR-1036,2024-02-05,70045,M25.561,1315.00,1059.65,PAID
H-00696,M-1217,P-1013,PR-1049,2024-02-04,70046,R10.9,1352.00,1024.95,PAID
H-00697,M-1228,P-1020,PR-1062,2024-02-03,70047,G43.909,1389.00,1022.85,PAID
H-00698,M-1239,P-1027,PR-1075,2024-02-02,70048,H10.9,1426.00,1295.49,PAID
H-00699,M-1010,P-1034,PR-1088,2024-02-01,70049,J45.909,1463.00,836.20,PAID
H-00700,M-1021,P-1041,PR-1001,2024-01-31,70000,J18.9,1500.00,854.37,PAID
H-00701,M-1032,P-1048,PR-1014,2024-01-30,70001,E11.9,1537.00,907.43,PENDING
H-00702,M-1043,P-1055,PR-1027,2024-01-29,70002,K21.9,1574.00,1400.79,PAID
H-00703,M-1054,P-1062,PR-1040,2024-01-28,70003,I10,1611.00,1427.11,PAID
H-00704,M-1065,P-1069,PR-1053,2024-01-27,70004,F41.9,1648.00,1109.49,PAID
H-00705,M-1076,P-1076,PR-1066,2024-01-26,70005,R51.9,1685.00,1208.60,PAID
H-00706,M-1087,P-1083,PR-1079,2024-01-25,70006,K52.9,1722.00,1271.45,PAID
H-00707,M-1098,P-1090,PR-1092,2024-01-24,70007,R05.9,1759.00,1268.23,PAID
H-00708,M-1109,P-1097,PR-1005,2024-01-23,70008,I25.10,1796.00,1448.94,PAID
H-00709,M-1120,P-1104,PR-1018,2024-01-22,70009,S93.401A,1833.00,1320.42,PAID
H-00710,M-1131,P-1111,PR-1031,2024-01-21,70010,N39.0,1870.00,1518.32,PAID
H-00711,M-1142,P-1118,PR-1044,2024-01-20,70011,L30.9,1907.00,1590.97,PAID
H-00712,M-1153,P-1125,PR-1057,2024-01-19,70012,M79.1,1944.00,1441.59,PENDING
H-00713,M-1164,P-1132,PR-1070,2024-01-18,70013,R07.9,1981.00,1642.79,PAID
H-00714,M-1175,P-1139,PR-1083,2024-01-17,70014,M54.5,2018.00,1613.71,PAID
H-00715,M-1186,P-1146,PR-1096,2024-01-16,70015,M25.561,2055.00,1666.32,PAID
H-00716,M-1197,P-1153,PR-1009,2024-01-15,70016,R10.9,2092.00,1163.79,DENIED
H-00717,M-1208,P-1160,PR-1022,2024-01-14,70017,G43.909,2129.00,1723.16,PAID
H-00718,M-1219,P-1167,PR-1035,2024-01-13,70018,H10.9,2166.00,1418.10,PENDING
H-00719,M-1230,P-1174,PR-1048,2024-01-12,70019,J45.909,2203.00,1407.65,PAID
H-00720,M-1001,P-1001,PR-1061,2024-01-11,70020,J18.9,2240.00,1370.28,DENIED
H-00721,M-1012,P-1008,PR-1074,2024-01-10,70021,E11.9,2277.00,1826.08,PAID
H-00722,M-1023,P-1015,PR-1087,2024-01-09,70022,K21.9,2314.00,1416.35,PENDING
H-00723,M-1034,P-1022,PR-1100,2024-01-08,70023,I10,2351.00,2085.48,DENIED
H-00724,M-1045,P-1029,PR-1013,2024-01-07,70024,F41.9,2388.00,2162.38,PENDING
H-00725,M-1056,P-1036,PR-1026,2024-01-06,70025,R51.9,2425.00,2047.93,PAID
H-00726,M-1067,P-1043,PR-1039,2024-01-05,70026,K52.9,2462.00,1687.13,PAID
H-00727,M-1078,P-1050,PR-1052,2024-01-04,70027,R05.9,2499.00,1996.36,PAID
H-00728,M-1089,P-1057,PR-1065,2024-01-03,70028,I25.10,2536.00,2296.67,PENDING
H-00729,M-1100,P-1064,PR-1078,2024-01-02,70029,S93.401A,2573.00,2286.47,PAID
H-00730,M-1111,P-1071,PR-1091,2025-12-31,70030,N39.0,2610.00,2046.34,DENIED
H-00731,M-1122,P-1078,PR-1004,2025-12-30,70031,L30.9,2647.00,1833.47,PENDING
H-00732,M-1133,P-1085,PR-1017,2025-12-29,70032,M79.1,2684.00,1606.62,PENDING
H-00733,M-1144,P-1092,PR-1030,2025-12-28,70033,R07.9,2721.00,1560.72,DENIED
H-00734,M-1155,P-1099,PR-1043,2025-12-27,70034,M54.5,2758.00,1614.83,DENIED
H-00735,M-1166,P-1106,PR-1056,2025-12-26,70035,M25.561,2795.00,1895.31,PENDING
H-00736,M-1177,P-1113,PR-1069,2025-12-25,70036,R10.9,2832.00,1800.48,PAID
H-00737,M-1188,P-1120,PR-1082,2025-12-24,70037,G43.909,2869.00,2599.16,PAID
H-00738,M-1199,P-1127,PR-1095,2025-12-23,70038,H10.9,2906.00,1648.61,PAID
H-00739,M-1210,P-1134,PR-1008,2025-12-22,70039,J45.909,2943.00,2506.46,PAID
H-00740,M-1221,P-1141,PR-1021,2025-12-21,70040,J18.9,2980.00,1887.36,PAID
H-00741,M-1232,P-1148,PR-1034,2025-12-20,70041,E11.9,3017.00,2518.13,PAID
H-00742,M-1003,P-1155,PR-1047,2025-12-19,70042,K21.9,3054.00,2164.58,PAID
H-00743,M-1014,P-1162,PR-1060,2025-12-18,70043,I10,3091.00,1871.77,PAID
H-00744,M-1025,P-1169,PR-1073,2025-12-17,70044,F41.9,3128.00,2839.11,PENDING
H-00745,M-1036,P-1176,PR-1086,2025-12-16,70045,R51.9,3165.00,2042.58,PAID
H-00746,M-1047,P-1003,PR-1099,2025-12-15,70046,K52.9,3202.00,2679.52,PAID
H-00747,M-1058,P-1010,PR-1012,2025-12-14,70047,R05.9,3239.00,2338.87,DENIED
H-00748,M-1069,P-1017,PR-1025,2025-12-13,70048,I25.10,3276.00,2389.13,PAID
H-00749,M-1080,P-1024,PR-1038,2025-12-12,70049,S93.401A,3313.00,2716.42,PAID
H-00750,M-1091,P-1031,PR-1051,2025-12-11,70000,N39.0,3350.00,2253.09,PAID
H-00751,M-1102,P-1038,PR-1064,2025-12-10,70001,L30.9,3387.00,2058.96,PAID
H-00752,M-1113,P-1045,PR-1077,2025-12-09,70002,M79.1,3424.00,2226.93,PAID
H-00753,M-1124,P-1052,PR-1090,2025-12-08,70003,R07.9,3461.00,2991.35,PAID
H-00754,M-1135,P-1059,PR-1003,2025-12-07,70004,M54.5,3498.00,1997.27,PAID
H-00755,M-1146,P-1066,PR-1016,2025-12-06,70005,M25.561,3535.00,2720.49,PAID
H-00756,M-1157,P-1073,PR-1029,2025-12-05,70006,R10.9,3572.00,2748.56,PAID
H-00757,M-1168,P-1080,PR-1042,2025-12-04,70007,G43.909,3609.00,3270.38,DENIED
H-00758,M-1179,P-1087,PR-1055,2025-12-03,70008,H10.9,3646.00,2028.84,PAID
H-00759,M-1190,P-1094,PR-1068,2025-12-02,70009,J45.909,3683.00,2828.40,DENIED
H-00760,M-1201,P-1101,PR-1081,2025-12-01,70010,J18.9,3720.00,3162.94,PENDING
H-00761,M-1212,P-1108,PR-1094,2025-11-30,70011,E11.9,3757.00,2691.06,PAID
H-00762,M-1223,P-1115,PR-1007,2025-11-29,70012,K21.9,3794.00,2973.15,PAID
H-00763,M-1234,P-1122,PR-1020,2025-11-28,70013,I10,3831.00,2800.93,PENDING
H-00764,M-1005,P-1129,PR-1033,2025-11-27,70014,F41.9,3868.00,3394.56,PAID
H-00765,M-1016,P-1136,PR-1046,2025-11-26,70015,R51.9,3905.00,2929.13,DENIED
H-00766,M-1027,P-1143,PR-1059,2025-11-25,70016,K52.9,3942.00,3450.81,PENDING
H-00767,M-1038,P-1150,PR-1072,2025-11-24,70017,R05.9,3979.00,2797.14,PAID
H-00768,M-1049,P-1157,PR-1085,2025-11-23,70018,I25.10,4016.00,3523.02,PAID
H-00769,M-1060,P-1164,PR-1098,2025-11-22,70019,S93.401A,4053.00,3105.74,DENIED
H-00770,M-1071,P-1171,PR-1011,2025-11-21,70020,N39.0,4090.00,2396.64,PAID
H-00771,M-1082,P-1178,PR-1024,2025-11-20,70021,L30.9,4127.00,3282.01,PAID
H-00772,M-1093,P-1005,PR-1037,2025-11-19,70022,M79.1,4164.00,3555.74,DENIED
H-00773,M-1104,P-1012,PR-1050,2025-11-18,70023,R07.9,4201.00,3215.24,PAID
H-00774,M-1115,P-1019,PR-1063,2025-11-17,70024,M54.5,4238.00,2621.92,PAID
H-00775,M-1126,P-1026,PR-1076,2025-11-16,70025,M25.561,4275.00,3034.94,PAID
H-00776,M-1137,P-1033,PR-1089,2025-11-15,70026,R10.9,4312.00,3251.54,PENDING
H-00777,M-1148,P-1040,PR-1002,2025-11-14,70027,G43.909,4349.00,2684.97,DENIED
H-00778,M-1159,P-1047,PR-1015,2025-11-13,70028,H10.9,4386.00,2843.75,PENDING
H-00779,M-1170,P-1054,PR-1028,2025-11-12,70029,J45.909,4423.00,3159.75,PAID
H-00780,M-1181,P-1061,PR-1041,2025-11-11,70030,J18.9,4460.00,3189.94,PAID
H-00781,M-1192,P-1068,PR-1054,2025-11-10,70031,E11.9,4497.00,2917.38,PAID
H-00782,M-1203,P-1075,PR-1067,2025-11-09,70032,K21.9,4534.00,2703.17,PENDING
H-00783,M-1214,P-1082,PR-1080,2025-11-08,70033,I10,4571.00,3702.06,PAID
H-00784,M-1225,P-1089,PR-1093,2025-11-07,70034,F41.9,4608.00,2707.98,PAID
H-00785,M-1236,P-1096,PR-1006,2025-11-06,70035,R51.9,4645.00,3995.82,PENDING
H-00786,M-1007,P-1103,PR-1019,2025-11-05,70036,K52.9,4682.00,2870.71,PAID
H-00787,M-1018,P-1110,PR-1032,2025-11-04,70037,R05.9,4719.00,2637.38,PAID
H-00788,M-1029,P-1117,PR-1045,2025-11-03,70038,I25.10,4756.00,3036.93,PENDING
H-00789,M-1040,P-1124,PR-1058,2025-11-02,70039,S93.401A,4793.00,2775.10,DENIED
H-00790,M-1051,P-1131,PR-1071,2025-11-01,70040,N39.0,4830.00,3928.18,PAID
H-00791,M-1062,P-1138,PR-1084,2025-10-31,70041,L30.9,4867.00,3251.18,PAID
H-00792,M-1073,P-1145,PR-1097,2025-10-30,70042,M79.1,4904.00,3328.97,PAID
H-00793,M-1084,P-1152,PR-1010,2025-10-29,70043,R07.9,4941.00,4518.18,PENDING
H-00794,M-1095,P-1159,PR-1023,2025-10-28,70044,M54.5,4978.00,3909.60,PAID
H-00795,M-1106,P-1166,PR-1036,2025-10-27,70045,M25.561,115.00,67.83,PAID
H-00796,M-1117,P-1173,PR-1049,2025-10-26,70046,R10.9,152.00,96.03,PAID
H-00797,M-1128,P-1180,PR-1062,2025-10-25,70047,G43.909,189.00,171.00,PAID
H-00798,M-1139,P-1007,PR-1075,2025-10-24,70048,H10.9,226.00,179.85,PENDING
H-00799,M-1150,P-1014,PR-1088,2025-10-23,70049,J45.909,263.00,168.26,PENDING
H-00800,M-1161,P-1021,PR-1001,2025-10-22,70000,J18.9,300.00,228.18,DENIED
H-00801,M-1172,P-1028,PR-1014,2025-10-21,70001,E11.9,337.00,233.07,PAID
H-00802,M-1183,P-1035,PR-1027,2025-10-20,70002,K21.9,374.00,231.01,PAID
H-00803,M-1194,P-1042,PR-1040,2025-10-19,70003,I10,411.00,331.16,DENIED
H-00804,M-1205,P-1049,PR-1053,2025-10-18,70004,F41.9,448.00,387.16,DENIED
H-00805,M-1216,P-1056,PR-1066,2025-10-17,70005,R51.9,485.00,276.04,PENDING
H-00806,M-1227,P-1063,PR-1079,2025-10-16,70006,K52.9,522.00,294.27,PAID
H-00807,M-1238,P-1070,PR-1092,2025-10-15,70007,R05.9,559.00,316.21,DENIED
H-00808,M-1009,P-1077,PR-1005,2025-10-14,70008,I25.10,596.00,427.56,PENDING
H-00809,M-1020,P-1084,PR-1018,2025-10-13,70009,S93.401A,633.00,397.61,PAID
H-00810,M-1031,P-1091,PR-1031,2025-10-12,70010,N39.0,670.00,418.06,PENDING
H-00811,M-1042,P-1098,PR-1044,2025-10-11,70011,L30.9,707.00,576.31,PAID
H-00812,M-1053,P-1105,PR-1057,2025-10-10,70012,M79.1,744.00,439.60,DENIED
H-00813,M-1064,P-1112,PR-1070,2025-10-09,70013,R07.9,781.00,654.49,PAID
H-00814,M-1075,P-1119,PR-1083,2025-10-08,70014,M54.5,818.00,463.28,DENIED
H-00815,M-1086,P-1126,PR-1096,2025-10-07,70015,M25.561,855.00,735.87,DENIED
H-00816,M-1097,P-1133,PR-1009,2025-10-06,70016,R10.9,892.00,712.00,PENDING
H-00817,M-1108,P-1140,PR-1022,2025-10-05,70017,G43.909,929.00,596.11,PAID
H-00818,M-1119,P-1147,PR-1035,2025-10-04,70018,H10.9,966.00,755.40,PAID
H-00819,M-1130,P-1154,PR-1048,2025-10-03,70019,J45.909,1003.00,725.18,PENDING
H-00820,M-1141,P-1161,PR-1061,2025-10-02,70020,J18.9,1040.00,607.55,PAID
H-00821,M-1152,P-1168,PR-1074,2025-10-01,70021,E11.9,1077.00,856.60,PAID
H-00822,M-1163,P-1175,PR-1087,2025-09-30,70022,K21.9,1114.00,647.40,PAID
H-00823,M-1174,P-1002,PR-1100,2025-09-29,70023,I10,1151.00,976.64,PAID
H-00824,M-1185,P-1009,PR-1013,2025-09-28,70024,F41.9,1188.00,1028.18,PAID
H-00825,M-1196,P-1016,PR-1026,2025-09-27,70025,R51.9,1225.00,819.62,DENIED
H-00826,M-1207,P-1023,PR-1039,2025-09-26,70026,K52.9,1262.00,698.17,PENDING
H-00827,M-1218,P-1030,PR-1052,2025-09-25,70027,R05.9,1299.00,998.06,PAID
H-00828,M-1229,P-1037,PR-1065,2025-09-24,70028,I25.10,1336.00,771.96,PENDING
H-00829,M-1240,P-1044,PR-1078,2025-09-23,70029,S93.401A,1373.00,985.56,PAID
H-00830,M-1011,P-1051,PR-1091,2025-09-22,70030,N39.0,1410.00,1091.86,PAID
H-00831,M-1022,P-1058,PR-1004,2025-09-21,70031,L30.9,1447.00,1048.34,PENDING
H-00832,M-1033,P-1065,PR-1017,2025-09-20,70032,M79.1,1484.00,1247.37,PAID
H-00833,M-1044,P-1072,PR-1030,2025-09-19,70033,R07.9,1521.00,1154.29,DENIED
H-00834,M-1055,P-1079,PR-1043,2025-09-18,70034,M54.5,1558.00,1368.92,PENDING
H-00835,M-1066,P-1086,PR-1056,2025-09-17,70035,M25.561,1595.00,888.52,PENDING
H-00836,M-1077,P-1093,PR-1069,2025-09-16,70036,R10.9,1632.00,1050.28,PAID
H-00837,M-1088,P-1100,PR-1082,2025-09-15,70037,G43.909,1669.00,1129.32,PAID
H-00838,M-1099,P-1107,PR-1095,2025-09-14,70038,H10.9,1706.00,1431.00,PAID
H-00839,M-1110,P-1114,PR-1008,2025-09-13,70039,J45.909,1743.00,1200.07,PENDING
H-00840,M-1121,P-1121,PR-1021,2025-09-12,70040,J18.9,1780.00,1332.06,PAID
H-00841,M-1132,P-1128,PR-1034,2025-09-11,70041,E11.9,1817.00,1498.82,DENIED
H-00842,M-1143,P-1135,PR-1047,2025-09-10,70042,K21.9,1854.00,1246.24,DENIED
H-00843,M-1154,P-1142,PR-1060,2025-09-09,70043,I10,1891.00,1478.57,PAID
H-00844,M-1165,P-1149,PR-1073,2025-09-08,70044,F41.9,1928.00,1167.93,PAID
H-00845,M-1176,P-1156,PR-1086,2025-09-07,70045,R51.9,1965.00,1283.68,PAID
H-00846,M-1187,P-1163,PR-1099,2025-09-06,70046,K52.9,2002.00,1216.24,PAID
H-00847,M-1198,P-1170,PR-1012,2025-09-05,70047,R05.9,2039.00,1198.52,DENIED
H-00848,M-1209,P-1177,PR-1025,2025-09-04,70048,I25.10,2076.00,1764.02,PAID
H-00849,M-1220,P-1004,PR-1038,2025-09-03,70049,S93.401A,2113.00,1795.36,PAID
H-00850,M-1231,P-1011,PR-1051,2025-09-02,70000,N39.0,2150.00,1201.55,PAID
H-00851,M-1002,P-1018,PR-1064,2025-09-01,70001,L30.9,2187.00,1400.86,PENDING
H-00852,M-1013,P-1025,PR-1077,2025-08-31,70002,M79.1,2224.00,1882.83,DENIED
H-00853,M-1024,P-1032,PR-1090,2025-08-30,70003,R07.9,2261.00,1373.46,PAID
H-00854,M-1035,P-1039,PR-1003,2025-08-29,70004,M54.5,2298.00,1767.18,PAID
H-00855,M-1046,P-1046,PR-1016,2025-08-28,70005,M25.561,2335.00,1303.04,PAID
H-00856,M-1057,P-1053,PR-1029,2025-08-27,70006,R10.9,2372.00,1979.27,PAID
H-00857,M-1068,P-1060,PR-1042,2025-08-26,70007,G43.909,2409.00,1974.38,PAID
H-00858,M-1079,P-1067,PR-1055,2025-08-25,70008,H10.9,2446.00,1688.15,PENDING
H-00859,M-1090,P-1074,PR-1068,2025-08-24,70009,J45.909,2483.00,1664.10,PENDING
H-00860,M-1101,P-1081,PR-1081,2025-08-23,70010,J18.9,2520.00,1465.02,DENIED
H-00861,M-1112,P-1088,PR-1094,2025-08-22,70011,E11.9,2557.00,1832.57,PAID
H-00862,M-1123,P-1095,PR-1007,2025-08-21,70012,K21.9,2594.00,1991.50,PENDING
H-00863,M-1134,P-1102,PR-1020,2025-08-20,70013,I10,2631.00,1843.28,PAID
H-00864,M-1145,P-1109,PR-1033,2025-08-19,70014,F41.9,2668.00,2377.23,DENIED
H-00865,M-1156,P-1116,PR-1046,2025-08-18,70015,R51.9,2705.00,1614.40,PAID
H-00866,M-1167,P-1123,PR-1059,2025-08-17,70016,K52.9,2742.00,2453.58,PENDING
H-00867,M-1178,P-1130,PR-1072,2025-08-16,70017,R05.9,2779.00,2408.07,DENIED
H-00868,M-1189,P-1137,PR-1085,2025-08-15,70018,I25.10,2816.00,2082.84,PAID
H-00869,M-1200,P-1144,PR-1098,2025-08-14,70019,S93.401A,2853.00,1863.53,PENDING
H-00870,M-1211,P-1151,PR-1011,2025-08-13,70020,N39.0,2890.00,1883.33,PAID
H-00871,M-1222,P-1158,PR-1024,2025-08-12,70021,L30.9,2927.00,1768.21,PAID
H-00872,M-1233,P-1165,PR-1037,2025-08-11,70022,M79.1,2964.00,2260.77,PAID
H-00873,M-1004,P-1172,PR-1050,2025-08-10,70023,R07.9,3001.00,2331.16,PAID
H-00874,M-1015,P-1179,PR-1063,2025-08-09,70024,M54.5,3038.00,2451.88,PENDING
H-00875,M-1026,P-1006,PR-1076,2025-08-08,70025,M25.561,3075.00,2694.99,PENDING
H-00876,M-1037,P-1013,PR-1089,2025-08-07,70026,R10.9,3112.00,2577.06,PENDING
H-00877,M-1048,P-1020,PR-1002,2025-08-06,70027,G43.909,3149.00,2756.20,DENIED
H-00878,M-1059,P-1027,PR-1015,2025-08-05,70028,H10.9,3186.00,1765.74,DENIED
H-00879,M-1070,P-1034,PR-1028,2025-08-04,70029,J45.909,3223.00,2454.50,PAID
H-00880,M-1081,P-1041,PR-1041,2025-08-03,70030,J18.9,3260.00,2650.32,PAID
H-00881,M-1092,P-1048,PR-1054,2025-08-02,70031,E11.9,3297.00,2451.45,PAID
H-00882,M-1103,P-1055,PR-1067,2025-08-01,70032,K21.9,3334.00,2222.45,DENIED
H-00883,M-1114,P-1062,PR-1080,2025-07-31,70033,I10,3371.00,2516.15,PAID
H-00884,M-1125,P-1069,PR-1093,2025-07-30,70034,F41.9,3408.00,2263.43,PAID
H-00885,M-1136,P-1076,PR-1006,2025-07-29,70035,R51.9,3445.00,2043.93,PAID
H-00886,M-1147,P-1083,PR-1019,2025-07-28,70036,K52.9,3482.00,2363.89,PENDING
H-00887,M-1158,P-1090,PR-1032,2025-07-27,70037,R05.9,3519.00,2711.73,PENDING
H-00888,M-1169,P-1097,PR-1045,2025-07-26,70038,I25.10,3556.00,2931.24,PENDING
H-00889,M-1180,P-1104,PR-1058,2025-07-25,70039,S93.401A,3593.00,3262.89,DENIED
H-00890,M-1191,P-1111,PR-1071,2025-07-24,70040,N39.0,3630.00,2988.96,PAID
H-00891,M-1202,P-1118,PR-1084,2025-07-23,70041,L30.9,3667.00,2454.21,DENIED
H-00892,M-1213,P-1125,PR-1097,2025-07-22,70042,M79.1,3704.00,2627.08,DENIED
H-00893,M-1224,P-1132,PR-1010,2025-07-21,70043,R07.9,3741.00,2839.01,PAID
H-00894,M-1235,P-1139,PR-1023,2025-07-20,70044,M54.5,3778.00,2620.25,PENDING
H-00895,M-1006,P-1146,PR-1036,2025-07-19,70045,M25.561,3815.00,3262.34,DENIED
H-00896,M-1017,P-1153,PR-1049,2025-07-18,70046,R10.9,3852.00,2553.04,DENIED
H-00897,M-1028,P-1160,PR-1062,2025-07-17,70047,G43.909,3889.00,3157.34,PAID
H-00898,M-1039,P-1167,PR-1075,2025-07-16,70048,H10.9,3926.00,3080.84,PAID
H-00899,M-1050,P-1174,PR-1088,2025-07-15,70049,J45.909,3963.00,3427.38,DENIED
H-00900,M-1061,P-1001,PR-1001,2025-07-14,70000,J18.9,4000.00,2451.05,DENIED
H-00901,M-1072,P-1008,PR-1014,2025-07-13,70001,E11.9,4037.00,3595.34,PAID
H-00902,M-1083,P-1015,PR-1027,2025-07-12,70002,K21.9,4074.00,2594.44,PAID
H-00903,M-1094,P-1022,PR-1040,2025-07-11,70003,I10,4111.00,2410.57,PAID
H-00904,M-1105,P-1029,PR-1053,2025-07-10,70004,F41.9,4148.00,2445.44,PAID
H-00905,M-1116,P-1036,PR-1066,2025-07-09,70005,R51.9,4185.00,3094.76,PENDING
H-00906,M-1127,P-1043,PR-1079,2025-07-08,70006,K52.9,4222.00,2948.79,PAID
H-00907,M-1138,P-1050,PR-1092,2025-07-07,70007,R05.9,4259.00,2427.01,PAID
H-00908,M-1149,P-1057,PR-1005,2025-07-06,70008,I25.10,4296.00,3080.40,PAID
H-00909,M-1160,P-1064,PR-1018,2025-07-05,70009,S93.401A,4333.00,2777.17,PAID
H-00910,M-1171,P-1071,PR-1031,2025-07-04,70010,N39.0,4370.00,3010.85,PAID
H-00911,M-1182,P-1078,PR-1044,2025-07-03,70011,L30.9,4407.00,3879.31,PAID
H-00912,M-1193,P-1085,PR-1057,2025-07-02,70012,M79.1,4444.00,2774.29,PAID
H-00913,M-1204,P-1092,PR-1070,2025-07-01,70013,R07.9,4481.00,2800.32,PAID
H-00914,M-1215,P-1099,PR-1083,2025-06-30,70014,M54.5,4518.00,2915.76,PAID
H-00915,M-1226,P-1106,PR-1096,2025-06-29,70015,M25.561,4555.00,2730.76,DENIED
H-00916,M-1237,P-1113,PR-1009,2025-06-28,70016,R10.9,4592.00,4130.06,DENIED
H-00917,M-1008,P-1120,PR-1022,2025-06-27,70017,G43.909,4629.00,4097.74,PENDING
H-00918,M-1019,P-1127,PR-1035,2025-06-26,70018,H10.9,4666.00,3033.31,PAID
H-00919,M-1030,P-1134,PR-1048,2025-06-25,70019,J45.909,4703.00,3294.10,PAID
H-00920,M-1041,P-1141,PR-1061,2025-06-24,70020,J18.9,4740.00,2858.95,PAID
H-00921,M-1052,P-1148,PR-1074,2025-06-23,70021,E11.9,4777.00,3708.20,PAID
H-00922,M-1063,P-1155,PR-1087,2025-06-22,70022,K21.9,4814.00,3841.63,PAID
H-00923,M-1074,P-1162,PR-1100,2025-06-21,70023,I10,4851.00,3057.46,DENIED
H-00924,M-1085,P-1169,PR-1013,2025-06-20,70024,F41.9,4888.00,3255.43,PAID
H-00925,M-1096,P-1176,PR-1026,2025-06-19,70025,R51.9,4925.00,2998.96,DENIED
H-00926,M-1107,P-1003,PR-1039,2025-06-18,70026,K52.9,4962.00,3664.89,PAID
H-00927,M-1118,P-1010,PR-1052,2025-06-17,70027,R05.9,4999.00,3204.88,PAID
H-00928,M-1129,P-1017,PR-1065,2025-06-16,70028,I25.10,136.00,91.45,PAID
H-00929,M-1140,P-1024,PR-1078,2025-06-15,70029,S93.401A,173.00,114.78,PENDING
H-00930,M-1151,P-1031,PR-1091,2025-06-14,70030,N39.0,210.00,192.72,PAID
H-00931,M-1162,P-1038,PR-1004,2025-06-13,70031,L30.9,247.00,146.93,DENIED
H-00932,M-1173,P-1045,PR-1017,2025-06-12,70032,M79.1,284.00,258.97,PAID
H-00933,M-1184,P-1052,PR-1030,2025-06-11,70033,R07.9,321.00,231.45,PAID
H-00934,M-1195,P-1059,PR-1043,2025-06-10,70034,M54.5,358.00,241.54,PENDING
H-00935,M-1206,P-1066,PR-1056,2025-06-09,70035,M25.561,395.00,291.96,DENIED
H-00936,M-1217,P-1073,PR-1069,2025-06-08,70036,R10.9,432.00,326.73,PENDING
H-00937,M-1228,P-1080,PR-1082,2025-06-07,70037,G43.909,469.00,371.78,PAID
H-00938,M-1239,P-1087,PR-1095,2025-06-06,70038,H10.9,506.00,387.44,PAID
H-00939,M-1010,P-1094,PR-1008,2025-06-05,70039,J45.909,543.00,462.21,PENDING
H-00940,M-1021,P-1101,PR-1021,2025-06-04,70040,J18.9,580.00,472.71,DENIED
H-00941,M-1032,P-1108,PR-1034,2025-06-03,70041,E11.9,617.00,564.80,PAID
H-00942,M-1043,P-1115,PR-1047,2025-06-02,70042,K21.9,654.00,399.41,PENDING
H-00943,M-1054,P-1122,PR-1060,2025-06-01,70043,I10,691.00,507.15,PAID
H-00944,M-1065,P-1129,PR-1073,2025-05-31,70044,F41.9,728.00,597.49,PENDING
H-00945,M-1076,P-1136,PR-1086,2025-05-30,70045,R51.9,765.00,601.07,PAID
H-00946,M-1087,P-1143,PR-1099,2025-05-29,70046,K52.9,802.00,500.77,PAID
H-00947,M-1098,P-1150,PR-1012,2025-05-28,70047,R05.9,839.00,585.23,PAID
H-00948,M-1109,P-1157,PR-1025,2025-05-27,70048,I25.10,876.00,487.06,PAID
H-00949,M-1120,P-1164,PR-1038,2025-05-26,70049,S93.401A,913.00,526.30,PAID
H-00950,M-1131,P-1171,PR-1051,2025-05-25,70000,N39.0,950.00,593.47,DENIED
H-00951,M-1142,P-1178,PR-1064,2025-05-24,70001,L30.9,987.00,547.36,PAID
H-00952,M-1153,P-1005,PR-1077,2025-05-23,70002,M79.1,1024.00,765.90,PAID
H-00953,M-1164,P-1012,PR-1090,2025-05-22,70003,R07.9,1061.00,594.86,PAID
H-00954,M-1175,P-1019,PR-1003,2025-05-21,70004,M54.5,1098.00,904.22,PENDING
H-00955,M-1186,P-1026,PR-1016,2025-05-20,70005,M25.561,1135.00,896.08,PAID
H-00956,M-1197,P-1033,PR-1029,2025-05-19,70006,R10.9,1172.00,1054.28,PENDING
H-00957,M-1208,P-1040,PR-1042,2025-05-18,70007,G43.909,1209.00,750.24,PENDING
H-00958,M-1219,P-1047,PR-1055,2025-05-17,70008,H10.9,1246.00,886.06,PAID
H-00959,M-1230,P-1054,PR-1068,2025-05-16,70009,J45.909,1283.00,747.60,DENIED
H-00960,M-1001,P-1061,PR-1081,2025-05-15,70010,J18.9,1320.00,999.53,DENIED
H-00961,M-1012,P-1068,PR-1094,2025-05-14,70011,E11.9,1357.00,918.09,PAID
H-00962,M-1023,P-1075,PR-1007,2025-05-13,70012,K21.9,1394.00,862.50,PAID
H-00963,M-1034,P-1082,PR-1020,2025-05-12,70013,I10,1431.00,829.08,PAID
H-00964,M-1045,P-1089,PR-1033,2025-05-11,70014,F41.9,1468.00,1117.55,PAID
H-00965,M-1056,P-1096,PR-1046,2025-05-10,70015,R51.9,1505.00,828.72,PAID
H-00966,M-1067,P-1103,PR-1059,2025-05-09,70016,K52.9,1542.00,888.57,PAID
H-00967,M-1078,P-1110,PR-1072,2025-05-08,70017,R05.9,1579.00,977.43,DENIED
H-00968,M-1089,P-1117,PR-1085,2025-05-07,70018,I25.10,1616.00,1425.70,PAID
H-00969,M-1100,P-1124,PR-1098,2025-05-06,70019,S93.401A,1653.00,1328.29,PENDING
H-00970,M-1111,P-1131,PR-1011,2025-05-05,70020,N39.0,1690.00,1149.04,PENDING
H-00971,M-1122,P-1138,PR-1024,2025-05-04,70021,L30.9,1727.00,1195.87,PAID
H-00972,M-1133,P-1145,PR-1037,2025-05-03,70022,M79.1,1764.00,1236.91,PAID
H-00973,M-1144,P-1152,PR-1050,2025-05-02,70023,R07.9,1801.00,1280.10,PAID
H-00974,M-1155,P-1159,PR-1063,2025-05-01,70024,M54.5,1838.00,1574.40,PAID
H-00975,M-1166,P-1166,PR-1076,2025-04-30,70025,M25.561,1875.00,1137.58,PENDING
H-00976,M-1177,P-1173,PR-1089,2025-04-29,70026,R10.9,1912.00,1285.62,PAID
H-00977,M-1188,P-1180,PR-1002,2025-04-28,70027,G43.909,1949.00,1164.08,DENIED
H-00978,M-1199,P-1007,PR-1015,2025-04-27,70028,H10.9,1986.00,1429.20,PAID
H-00979,M-1210,P-1014,PR-1028,2025-04-26,70029,J45.909,2023.00,1192.50,PENDING
H-00980,M-1221,P-1021,PR-1041,2025-04-25,70030,J18.9,2060.00,1844.01,PAID
H-00981,M-1232,P-1028,PR-1054,2025-04-24,70031,E11.9,2097.00,1383.37,PAID
H-00982,M-1003,P-1035,PR-1067,2025-04-23,70032,K21.9,2134.00,1950.52,PENDING
H-00983,M-1014,P-1042,PR-1080,2025-04-22,70033,I10,2171.00,1787.51,PENDING
H-00984,M-1025,P-1049,PR-1093,2025-04-21,70034,F41.9,2208.00,1461.89,PENDING
H-00985,M-1036,P-1056,PR-1006,2025-04-20,70035,R51.9,2245.00,1301.43,PAID
H-00986,M-1047,P-1063,PR-1019,2025-04-19,70036,K52.9,2282.00,1816.34,DENIED
H-00987,M-1058,P-1070,PR-1032,2025-04-18,70037,R05.9,2319.00,1822.05,PAID
H-00988,M-1069,P-1077,PR-1045,2025-04-17,70038,I25.10,2356.00,2028.09,PAID
H-00989,M-1080,P-1084,PR-1058,2025-04-16,70039,S93.401A,2393.00,1695.75,PAID
H-00990,M-1091,P-1091,PR-1071,2025-04-15,70040,N39.0,2430.00,1446.00,PENDING
H-00991,M-1102,P-1098,PR-1084,2025-04-14,70041,L30.9,2467.00,1464.17,PAID
H-00992,M-1113,P-1105,PR-1097,2025-04-13,70042,M79.1,2504.00,1443.97,PAID
H-00993,M-1124,P-1112,PR-1010,2025-04-12,70043,R07.9,2541.00,1680.46,DENIED
H-00994,M-1135,P-1119,PR-1023,2025-04-11,70044,M54.5,2578.00,1735.29,PAID
H-00995,M-1146,P-1126,PR-1036,2025-04-10,70045,M25.561,2615.00,2227.36,DENIED
H-00996,M-1157,P-1133,PR-1049,2025-04-09,70046,R10.9,2652.00,2214.75,DENIED
H-00997,M-1168,P-1140,PR-1062,2025-04-08,70047,G43.909,2689.00,1947.68,PENDING
H-00998,M-1179,P-1147,PR-1075,2025-04-07,70048,H10.9,2726.00,1666.61,PAID
H-00999,M-1190,P-1154,PR-1088,2025-04-06,70049,J45.909,2763.00,2258.02,PAID
H-01000,M-1201,P-1161,PR-1001,2025-04-05,70000,J18.9,2800.00,1989.84,PENDING
